id,travel_gap_2013,travel_gap_2014,travel_gap_2015,travel_gap,booking_count,frequency_count_2013,frequency_count_2014,frequency_count_2015,frequency_count,revenue_count_2013,revenue_count_2014,revenue_count_2015,revenue_count,duty_free_count_2013,duty_free_count_2014,duty_free_count_2015,duty_free_count
20090700000006,-1,604800,5529600,7158857,0,0,3,5,2,0,749.57,1078.19,1827.76,0,0,0,0
20090700000022,-1,-1,-1,13622400,0,0,2,2,1,0,231.36,313.11,544.47,0,0,0,0
20090700000060,-1,-1,2246400,14999040,0,2,0,4,2,335.92,0,806.66,1142.58,0,0,0,0
20090700000068,1226880,3348000,-1,4356000,0,6,5,2,4,1515.15,1173.74,583.0,3271.89,0,0,0,0
20090700000094,-1,-1,2116800,2116800,0,0,0,3,1,0,0,987.34,987.34,0,0,0,0
20090700000113,-1,-1,2937600,6504685,0,2,2,4,2,472.06,446.68,598.28,1517.02,0,0,506,506
20090700000120,1209600,2469600,2194560,2372914,0,10,13,6,9,235.14,0.0,0.0,235.14,0,0,0,0
20090700000144,-1,-1,3081600,10411200,0,1,2,4,2,243.55,313.06,397.64,954.25,0,0,0,0
20090700000147,-1,-1,2995200,6168960,0,0,2,4,2,0,462.84,542.86,1005.7,0,0,0,0
20090700000186,-1,-1,-1,-1,0,0,0,2,0,0,0,492.52,492.52,0,0,0,0
20090700000201,-1,-1,-1,-1,0,0,0,2,0,0,0,225.62,225.62,0,0,84,84
20090700000212,-1,-1,-1,-1,0,0,0,2,0,0,0,574.46,574.46,0,0,0,0
20090700000289,-1,-1,-1,-1,0,0,0,2,0,0,0,287.22,287.22,0,0,0,0
20090700000314,-1,-1,-1,-1,0,0,0,2,0,0,0,399.48,399.48,0,0,275,275
20090700000317,-1,-1,-1,-1,0,0,0,2,0,0,0,254.94,254.94,0,0,0,0
20090700000346,-1,-1,-1,-1,0,0,0,1,0,0,0,139.44,139.44,0,0,0,0
20090700000383,-1,-1,-1,-1,0,0,0,2,0,0,0,427.8,427.8,0,0,0,0
20090700000390,-1,-1,-1,-1,0,0,0,2,0,0,0,361.74,361.74,0,0,0,0
20090800000112,7113600,-1,4078080,7571781,0,4,2,6,4,882.08,370.58,1190.2,2442.86,0,0,0,0
20090800000123,14385600,-1,-1,18748800,0,3,0,2,1,1138.04,0,351.52,1489.56,0,0,0,0
20090800000137,-1,-1,-1,11059200,0,0,2,2,1,0,1601.31,1235.32,2836.63,0,0,0,0
20090800000140,-1,-1,-1,-1,0,0,0,2,0,0,0,391.34,391.34,0,0,0,0
20090800000147,-1,-1,3945600,3945600,0,0,0,4,1,0,0,683.98,683.98,0,0,0,0
20090800000152,-1,-1,-1,-1,0,0,0,2,0,0,0,0.0,0.0,0,0,0,0
20090800000156,2254254,2277818,-1,2754432,0,12,12,2,8,3166.84,2871.15,452.7,6490.69,95,0,0,95
20090800000159,-1,-1,-1,15177600,0,2,0,2,1,260.0,0,519.94,779.94,0,0,0,0
20090800000161,-1,-1,-1,-1,0,0,0,1,0,0,0,108.67,108.67,0,0,0,0
20090800000178,-1,-1,-1,22723200,0,2,0,2,1,275.46,0,356.64,632.1,0,0,0,0
20090800000181,-1,-1,-1,15789600,0,1,2,2,1,70.0,1130.9,275.6,1476.5,0,0,0,0
20090800000316,-1,-1,-1,-1,0,0,0,2,0,0,0,280.7,280.7,0,0,0,0
20090900000085,-1,-1,-1,-1,0,0,0,2,0,0,0,1063.68,1063.68,0,0,0,0
20090900000087,-1,-1,-1,-1,0,0,0,2,0,0,0,147.3,147.3,0,0,0,0
20090900000129,-1,-1,-1,-1,0,0,0,2,0,0,0,221.02,221.02,0,0,0,0
20090900000138,-1,-1,-1,-1,0,0,0,2,0,0,0,574.46,574.46,0,0,0,0
20090900000171,-1,-1,-1,-1,0,0,0,2,0,0,0,354.56,354.56,0,0,0,0
20090900000185,-1,-1,-1,-1,0,0,0,2,0,0,0,462.54,462.54,0,0,0,0
20090900000186,-1,-1,-1,-1,0,0,0,2,0,0,0,333.64,333.64,0,0,0,0
20090900000190,-1,-1,-1,-1,0,0,0,2,0,0,0,255.18,255.18,0,0,0,0
20090900000194,4694400,2332800,-1,7651200,0,4,4,2,3,387.17,292.16,230.2,909.53,0,0,0,0
20090900000212,-1,-1,-1,-1,0,0,0,1,0,0,0,135.54,135.54,0,0,0,0
20090900000235,-1,-1,-1,-1,0,0,0,0,0,0,0,0,0,0,0,0,0
20090900000253,-1,-1,-1,-1,0,0,0,2,0,0,0,271.35,271.35,0,0,0,0
20090900000256,-1,-1,-1,-1,0,0,0,2,0,0,0,354.56,354.56,0,0,0,0
20090900000263,-1,-1,-1,-1,0,0,0,2,0,0,0,354.56,354.56,0,0,0,0
20090900000318,2600640,3326400,7603200,4415494,0,11,5,4,6,2709.54,1151.62,481.62,4342.78,0,0,0,0
20090900000333,-1,-1,-1,-1,0,0,0,1,0,0,0,183.42,183.42,0,0,0,0
20090900000343,1296000,1412640,2888228,1656000,0,20,21,8,16,3304.99,4100.26,1493.24,8898.49,0,0,0,0
20090900000360,-1,13910400,-1,9734400,0,0,3,1,1,0,260.61,86.99,347.6,0,0,0,0
20090900000364,-1,6004800,-1,8652342,0,2,5,1,2,241.08,1129.71,246.79,1617.58,0,0,0,0
20091000000040,-1,-1,403200,403200,0,0,0,4,1,0,0,684.0,684.0,0,0,0,0
20091000000054,5736960,6998400,4435200,6313846,0,6,4,4,4,746.82,637.26,2272.12,3656.2,0,0,0,0
20091000000068,-1,-1,-1,-1,0,0,0,1,0,0,0,100.57,100.57,0,0,0,0
20091000000070,2695680,2925257,2467200,3125828,0,11,8,10,9,1150.74,1167.8,1116.8,3435.34,0,66,130,196
20091000000076,-1,-1,-1,-1,0,0,0,2,0,0,0,287.08,287.08,0,0,0,0
20091000000127,-1,-1,-1,-1,0,0,0,2,0,0,0,263.64,263.64,0,0,0,0
20091000000143,-1,5904000,-1,6410880,0,0,4,2,2,0,533.0,328.6,861.6,0,0,0,0
20091000000153,-1,-1,-1,-1,0,0,0,0,0,0,0,0,0,0,0,0,0
20091000000174,-1,-1,-1,-1,0,0,0,2,0,0,0,137.16,137.16,0,0,0,0
20091000000178,-1,-1,-1,-1,0,0,0,2,0,0,0,270.78,270.78,0,0,0,0
20091000000181,7027200,12096000,3326400,6817745,0,4,3,5,4,1466.06,959.0,1330.29,3755.35,0,0,0,0
20091000000234,-1,-1,3369600,3369600,0,0,0,7,2,0,0,1278.69,1278.69,0,0,0,0
20091000000270,-1,-1,-1,-1,0,0,0,2,0,0,0,330.7,330.7,0,0,0,0
20091000000276,-1,-1,-1,-1,0,0,0,2,0,0,0,327.14,327.14,0,0,0,0
20091000000293,-1,-1,-1,-1,0,0,0,1,0,0,0,64.99,64.99,0,0,0,0
20091000000306,-1,-1,-1,-1,0,0,0,2,0,0,0,1036.64,1036.64,0,0,0,0
20091000000332,-1,3801600,-1,6808320,0,0,4,2,2,0,662.22,342.92,1005.14,0,0,0,0
20091000000345,-1,-1,-1,35856000,0,2,0,1,1,248.26,0,287.23,535.49,0,0,0,0
20091000000379,-1,3657600,2332800,4529828,0,0,4,4,2,0,1539.42,986.67,2526.09,0,0,0,0
20091100000012,-1,835200,-1,7050240,0,0,4,2,2,0,854.18,821.94,1676.12,0,0,0,0
20091100000047,-1,-1,-1,19296000,0,2,0,2,1,134.36,0,270.08,404.44,0,0,0,0
20091100000051,-1,-1,-1,12549600,0,1,2,2,1,220.31,487.64,371.1,1079.05,0,0,0,0
20091100000059,-1,-1,-1,-1,0,0,0,2,0,0,0,196.98,196.98,0,0,0,0
20091100000065,-1,-1,-1,19872000,0,2,0,2,1,284.06,0,398.74,682.8,0,0,0,0
20091100000074,-1,-1,5155200,5155200,0,0,0,4,1,0,0,897.47,897.47,0,0,0,0
20091100000088,-1,-1,7084800,13080960,0,2,0,4,2,473.56,0,487.48,961.04,0,0,0,0
20091100000097,-1,-1,-1,6364800,0,0,2,2,1,0,311.94,542.28,854.22,0,0,0,0
20091100000116,-1,-1,-1,-1,0,0,0,2,0,0,0,351.66,351.66,0,0,0,0
20091100000140,-1,-1,-1,-1,0,0,0,2,0,0,0,509.86,509.86,0,0,0,0
20091100000157,-1,1522800,4579200,3210092,0,0,9,5,4,0,1402.34,639.52,2041.86,0,0,0,0
20091100000203,-1,-1,-1,-1,0,0,0,1,0,0,0,288.85,288.85,0,0,0,0
20091100000217,-1,-1,-1,-1,0,0,0,2,0,0,0,978.68,978.68,0,0,0,0
20091100000259,6523200,-1,3214080,7879680,0,3,2,6,3,638.61,323.56,1157.0,2119.17,0,0,0,0
20091100000275,-1,-1,-1,-1,0,0,0,2,0,0,0,145.8,145.8,0,0,0,0
20091100000280,-1,-1,-1,-1,0,0,0,1,0,0,0,464.53,464.53,0,0,0,0
20091100000314,-1,-1,7473600,7473600,0,0,0,3,1,0,0,442.87,442.87,0,0,0,0
20091100000333,-1,-1,-1,-1,0,0,0,2,0,0,0,290.0,290.0,0,0,0,0
20091100000337,-1,-1,3312000,3312000,0,0,0,4,1,0,0,862.04,862.04,0,0,0,0
20091100000347,-1,-1,-1,-1,0,0,0,2,0,0,0,223.78,223.78,0,0,0,0
20091100000353,-1,-1,5155200,5155200,0,0,0,4,1,0,0,897.47,897.47,0,0,0,0
20091100000362,-1,-1,-1,-1,0,0,0,0,0,0,0,0,0,0,0,0,0
20091100000374,-1,-1,-1,-1,0,0,0,2,0,0,0,145.8,145.8,0,0,0,0
20091100000401,1621270,2352738,2124000,2020581,0,18,14,13,15,3840.88,3985.74,4247.21,12073.83,0,0,0,0
20091100000414,-1,-1,-1,-1,0,0,0,2,0,0,0,505.14,505.14,0,0,0,0
20091100000421,-1,-1,-1,-1,0,0,0,2,0,0,0,230.3,230.3,0,0,0,0
20091100000456,1505828,2199876,1987200,2454951,0,8,14,8,10,1740.22,2216.52,1693.01,5649.75,0,0,0,0
20091100000464,-1,-1,5184000,5184000,0,0,0,4,1,0,0,778.68,778.68,0,0,0,0
20091100000468,-1,-1,-1,-1,0,0,0,2,0,0,0,326.88,326.88,0,0,0,0
20091100000511,-1,-1,-1,-1,0,0,0,2,0,0,0,446.58,446.58,0,0,0,0
20091100000528,7228800,-1,5616000,11910857,0,4,0,4,2,705.81,0,706.04,1411.85,0,0,0,0
20091200000001,-1,-1,-1,-1,0,0,0,2,0,0,0,1345.17,1345.17,0,0,0,0
20091200000064,-1,-1,-1,37454400,0,1,0,2,1,101.34,0,671.06,772.4,0,0,0,0
20091200000073,-1,-1,-1,-1,0,0,0,2,0,0,0,607.28,607.28,0,0,0,0
20091200000094,2808000,2976000,-1,2932800,0,7,10,2,6,1854.86,3530.16,433.28,5818.3,375,225,0,600
20091200000145,-1,-1,-1,-1,0,0,0,2,0,0,0,354.56,354.56,0,0,0,0
20091200000174,-1,-1,-1,-1,0,0,0,2,0,0,0,389.06,389.06,0,0,0,0
20091200000209,-1,-1,-1,-1,0,0,0,1,0,0,0,95.21,95.21,0,0,0,0
20091200000214,-1,3398400,2304000,3937371,4,0,4,4,2,0,2216.18,202.06,2418.24,0,0,0,0
20091200000251,-1,-1,-1,-1,0,0,0,2,0,0,0,82.16,82.16,0,0,0,0
20091200000262,-1,-1,-1,-1,0,0,0,2,0,0,0,347.92,347.92,0,0,0,0
20091200000265,-1,-1,-1,-1,0,0,0,2,0,0,0,260.93,260.93,0,0,0,0
20091200000266,-1,-1,-1,-1,0,0,0,2,0,0,0,260.93,260.93,0,0,0,0
20091200000279,-1,-1,-1,-1,0,0,0,1,0,0,0,96.69,96.69,0,0,370,370
20091200000300,7920000,-1,5328000,8428800,0,4,2,4,3,428.22,491.08,636.48,1555.78,0,0,0,0
20100100000010,7171200,6566400,3326400,6637090,0,4,3,5,4,1299.82,1104.4,2340.55,4744.77,0,0,0,0
20100100000036,1242000,1524960,1356480,1374545,0,25,21,21,22,974.08,845.39,363.4,2182.87,62,1000,140,1202
20100100000085,-1,-1,-1,-1,0,0,0,2,0,0,0,249.81,249.81,0,0,0,0
20100100000119,-1,-1,-1,-1,0,0,0,1,0,0,0,188.44,188.44,0,0,0,0
20100100000143,-1,-1,4665600,4665600,0,0,0,4,1,0,0,456.62,456.62,0,0,0,0
20100100000145,-1,-1,-1,-1,0,0,0,1,0,0,0,69.12,69.12,0,0,0,0
20100100000153,-1,-1,4492800,4492800,0,0,0,5,1,0,0,430.05,430.05,0,0,0,0
20100100000163,-1,-1,-1,11548800,0,0,2,2,1,0,247.14,301.5,548.64,0,0,0,0
20100100000164,-1,-1,-1,-1,0,0,0,2,0,0,0,299.92,299.92,0,0,0,0
20100100000169,-1,-1,-1,-1,0,0,0,2,0,0,0,155.96,155.96,0,0,0,0
20100100000200,3657600,5572800,3764571,5054400,0,4,3,8,5,786.96,493.45,1240.88,2521.29,0,0,0,0
20100100000204,6739200,3607200,2361600,5508000,0,4,5,4,4,465.89,532.8,661.9,1660.59,0,0,0,0
20100100000210,-1,-1,-1,-1,0,0,0,1,0,0,0,131.96,131.96,0,0,0,0
20100100000216,2016000,-1,1486080,8006400,0,4,0,6,3,492.97,0,1159.48,1652.45,0,0,0,0
20100100000224,4233600,2736000,4389120,3868363,0,7,10,6,7,1109.9,1458.54,767.33,3335.77,0,0,0,0
20100200000033,-1,-1,-1,-1,0,0,0,1,0,0,0,175.44,175.44,0,0,0,0
20100200000046,-1,3960000,5702400,7164000,0,2,7,4,4,272.35,1639.39,518.93,2430.67,0,0,0,0
20100200000048,-1,-1,-1,-1,0,0,0,2,0,0,0,381.7,381.7,0,0,0,0
20100200000054,-1,5028480,2332800,4711680,0,2,6,8,5,258.66,1159.28,2238.65,3656.59,0,0,0,0
20100200000060,-1,-1,-1,7430400,0,0,2,2,1,0,140.32,284.78,425.1,0,0,0,0
20100200000115,-1,-1,-1,-1,0,0,0,1,0,0,0,112.8,112.8,0,0,0,0
20100200000157,-1,-1,288000,8668800,0,1,2,4,2,168.86,450.26,887.78,1506.9,0,0,0,0
20100200000168,2954880,3147428,2793600,3379968,0,11,8,7,8,1677.46,616.94,568.15,2862.55,0,0,0,0
20100300000018,7142400,7027200,1401600,4812988,0,4,4,10,6,1937.0,1271.66,2390.98,5599.64,0,0,0,0
20100300000044,-1,-1,-1,-1,0,0,0,2,0,0,0,125.52,125.52,0,0,0,0
20100300000055,-1,-1,-1,17971200,0,2,0,2,1,155.4,0,303.04,458.44,0,0,0,0
20100300000063,-1,-1,1209600,6531840,0,0,2,4,2,0,818.18,785.97,1604.15,0,0,0,0
20100300000081,-1,-1,-1,-1,0,0,0,2,0,0,0,238.32,238.32,0,0,0,0
20100300000084,-1,-1,-1,-1,0,0,0,2,0,0,0,198.9,198.9,0,0,0,0
20100300000085,3391200,9187200,-1,6765120,0,5,4,2,3,965.33,992.62,370.02,2327.97,0,0,0,0
20100300000092,1459200,1339200,2246400,1760188,0,19,21,12,17,3795.27,3675.38,1802.0,9272.65,0,0,0,0
20100300000144,-1,-1,-1,32054400,0,2,0,1,1,447.48,0,112.86,560.34,0,0,0,0
20100300000201,-1,-1,-1,18086400,0,2,0,2,1,138.54,0,328.26,466.8,0,0,0,0
20100300000206,-1,-1,2160000,2160000,0,0,0,4,1,0,0,715.82,715.82,0,0,0,0
20100300000222,-1,-1,-1,-1,0,0,0,2,0,0,0,229.78,229.78,0,0,0,0
20100300000239,4337280,-1,-1,7315200,0,6,2,2,3,472.36,145.82,212.36,830.54,0,0,0,0
20100300000256,10756800,3888000,748800,6505920,0,3,4,4,3,1474.87,589.5,748.63,2813.0,0,0,0,0
20100400000021,-1,-1,-1,-1,0,0,0,2,0,0,0,465.0,465.0,0,0,0,0
20100400000023,-1,-1,-1,-1,0,0,0,2,0,0,0,465.0,465.0,0,0,0,0
20100400000024,-1,-1,-1,-1,0,0,0,2,0,0,0,465.0,465.0,0,0,0,0
20100400000029,-1,-1,-1,-1,0,0,0,2,0,0,0,499.0,499.0,0,0,0,0
20100400000074,2364218,3639600,4694400,3513600,0,12,9,4,8,1076.04,900.16,357.04,2333.24,0,0,0,0
20100400000102,-1,-1,-1,-1,0,0,0,2,0,0,0,86.9,86.9,0,0,0,0
20100400000112,-1,9360000,-1,10821600,0,0,4,1,1,0,343.88,136.37,480.25,0,0,0,0
20100400000132,-1,-1,-1,30974400,0,1,0,2,1,90.35,0,364.98,455.33,0,0,0,0
20100400000141,-1,-1,-1,12420000,0,2,2,1,1,617.58,474.54,215.32,1307.44,0,0,0,0
20100400000169,-1,-1,1008000,1008000,0,0,0,4,1,0,0,523.54,523.54,0,0,0,0
20100400000177,-1,-1,2721600,2721600,0,0,0,5,1,0,0,671.66,671.66,0,0,0,0
20100500000031,1660800,976000,1187060,1310811,0,19,28,24,23,4069.53,6544.3,3806.0,14419.83,0,0,0,0
20100500000092,-1,-1,-1,-1,0,0,0,2,0,0,0,515.62,515.62,0,0,0,0
20100600000016,-1,-1,-1,-1,0,0,0,1,0,0,0,31.07,31.07,0,0,0,0
20100600000020,-1,-1,-1,-1,0,0,0,1,0,0,0,679.36,679.36,0,0,0,0
20100600000044,-1,-1,-1,-1,0,0,0,2,0,0,0,1020.76,1020.76,0,0,0,0
20100600000048,-1,-1,-1,-1,0,0,0,2,0,0,0,257.86,257.86,0,0,0,0
20100600000054,-1,-1,-1,-1,0,0,0,1,0,0,0,300.79,300.79,0,0,0,0
20100600000063,2905200,1376640,1690971,2255261,0,9,16,15,13,3400.56,5178.56,3082.61,11661.73,0,0,0,0
20100600000068,15465600,4852800,13176000,7466400,0,3,7,3,4,535.8,1488.06,559.42,2583.28,0,0,0,0
20100600000071,-1,-1,-1,-1,0,0,0,1,0,0,0,75.8,75.8,0,0,0,0
20100800000043,316800,-1,1653942,5231127,0,4,0,8,4,828.72,0,1758.26,2586.98,0,0,0,0
20100800000049,-1,-1,3456000,3456000,0,0,0,3,1,0,0,196.98,196.98,0,0,0,0
20100800000059,-1,-1,-1,-1,0,0,0,2,0,0,0,340.62,340.62,0,0,0,0
20100900000064,-1,-1,-1,-1,0,0,0,2,0,0,0,772.78,772.78,0,0,0,0
20100900000065,6249600,3168000,4104000,7236000,0,4,4,5,4,536.83,3509.3,446.65,4492.78,0,0,0,0
20100900000068,2044800,1829647,1994400,1974240,0,10,18,13,13,2559.49,4343.06,3215.63,10118.18,0,0,0,0
20100900000069,-1,4204800,-1,11332800,0,1,4,2,2,137.29,517.72,474.6,1129.61,0,0,0,0
20100900000077,-1,-1,-1,-1,0,0,0,2,0,0,0,583.68,583.68,0,0,0,0
20101000000056,-1,-1,-1,24710400,0,2,0,2,1,742.82,0,1212.16,1954.98,0,0,0,0
20101000000061,-1,-1,-1,-1,0,0,0,1,0,0,0,0.0,0.0,0,0,0,0
20101000000083,-1,14040000,12182400,14544000,0,1,3,3,2,193.92,639.38,601.02,1434.32,0,0,0,0
20101000000084,-1,14212800,12182400,14544000,0,1,3,3,2,193.92,639.38,601.02,1434.32,0,0,0,0
20101000000085,3326400,7106400,6091200,7272000,0,3,5,5,4,582.4,920.62,869.38,2372.4,0,0,0,0
20101000000094,2832000,3789257,3628800,3621600,0,10,8,7,8,6337.54,2079.88,1712.15,10129.57,0,0,0,0
20101000000098,-1,-1,-1,-1,0,0,0,2,0,0,0,221.57,221.57,0,0,0,0
20101100000015,-1,-1,-1,14774400,0,1,2,2,1,753.88,599.26,464.7,1817.84,0,0,0,0
20101100000029,14472000,-1,-1,12182400,0,3,2,2,2,1128.13,700.12,528.66,2356.91,0,0,0,0
20101100000053,-1,-1,-1,-1,0,0,0,2,0,0,0,155.5,155.5,0,0,0,0
20101100000089,2121600,1250526,2635200,2019600,0,10,20,11,13,1835.9,2256.75,1628.74,5721.39,0,116,0,116
20101100000098,-1,-1,-1,-1,0,0,0,2,0,0,0,274.52,274.52,0,0,0,0
20101200000024,-1,-1,-1,8467200,0,0,2,1,1,0,552.0,479.97,1031.97,0,0,0,0
20101200000047,5054400,-1,2294400,5887542,2,3,2,10,5,516.64,115.04,1664.34,2296.02,0,0,0,0
20101200000057,1814400,2151360,1386947,2365835,0,4,11,20,11,934.3,2068.01,3107.06,6109.37,0,0,0,0
20110100000012,-1,-1,-1,17712000,0,2,0,2,1,1005.5,0,354.08,1359.58,0,0,0,0
20110100000021,-1,-1,1180800,1180800,0,0,0,4,1,0,0,1082.62,1082.62,0,0,0,0
20110100000031,-1,-1,-1,-1,0,0,0,2,0,0,0,338.44,338.44,0,0,40,40
20110100000046,172800,3081600,-1,8154000,0,3,4,2,3,371.6,485.42,761.68,1618.7,0,0,0,0
20110100000066,5201280,3700800,2986971,4125600,0,6,7,8,7,2291.05,2143.82,777.95,5212.82,0,0,0,0
20110200000022,2462400,1740342,4881600,5194164,0,5,8,5,6,1017.75,1172.76,1023.09,3213.6,0,0,0,0
20110200000027,8553600,2816640,-1,4573440,0,4,11,1,5,505.51,1276.9,150.56,1932.97,0,0,0,0
20110200000032,-1,3715200,2752457,4285440,0,0,3,8,3,0,380.14,1319.47,1699.61,0,0,0,0
20110200000046,4769280,2966400,2167854,3097600,0,6,10,12,9,1367.75,2240.24,2483.5,6091.49,0,0,0,0
20110300000030,2799360,3850971,4384800,4344000,0,6,8,5,6,1547.76,1431.44,424.68,3403.88,0,0,0,0
20110300000046,-1,-1,-1,-1,0,0,0,2,0,0,0,210.08,210.08,0,0,0,0
20110300000047,-1,-1,-1,-1,0,0,0,2,0,0,0,301.86,301.86,0,0,0,0
20110300000054,-1,-1,-1,-1,0,0,0,1,0,0,0,75.0,75.0,0,0,0,0
20110300000090,3801600,311040,1710720,4881600,0,5,6,6,5,580.03,2988.22,1591.7,5159.95,0,0,0,0
20110300000134,-1,5443200,-1,8417828,0,2,4,2,2,135.62,265.65,153.02,554.29,0,0,0,0
20110300000141,1324800,1447200,1308342,1771200,0,22,21,8,17,4821.75,4539.54,1123.68,10484.97,236,502,0,738
20110300000142,-1,-1,-1,-1,0,0,0,2,0,0,0,336.84,336.84,0,0,0,0
20110300000172,-1,-1,6105600,6105600,0,0,0,4,1,0,0,558.38,558.38,0,0,0,0
20110400000037,-1,-1,-1,-1,0,0,0,1,0,0,0,76.58,76.58,0,0,0,0
20110400000040,-1,-1,-1,-1,0,0,0,2,0,0,0,452.84,452.84,0,0,0,0
20110400000049,-1,3013200,2275200,3183157,0,1,9,10,6,82.06,824.45,1484.44,2390.95,0,0,0,0
20110500000012,-1,-1,-1,31665600,0,2,0,1,1,848.36,0,270.0,1118.36,0,0,0,0
20110600000077,-1,5857920,4867200,6181527,0,2,6,4,4,246.26,871.26,637.68,1755.2,0,0,0,0
20110600000085,3697920,-1,3386880,7053381,0,6,0,6,4,558.05,0,471.99,1030.04,0,0,0,0
20110700000018,-1,3974400,864000,3795428,2,0,7,8,5,0,1534.77,1555.22,3089.99,0,0,0,0
20110700000020,-1,172800,-1,6717600,0,0,3,2,1,0,403.67,179.88,583.55,0,0,0,0
20110700000022,-1,-1,-1,-1,0,0,0,2,0,0,0,498.96,498.96,0,0,0,0
20110700000023,-1,-1,-1,-1,0,0,0,2,0,0,0,298.26,298.26,0,0,0,0
20110700000024,-1,-1,-1,-1,0,0,0,2,0,0,0,498.96,498.96,0,0,0,0
20110700000032,2947200,1261440,2419200,3534886,1,10,6,8,8,1437.09,819.9,1124.02,3381.01,0,0,0,0
20110700000037,-1,-1,2188800,4536000,0,2,0,13,5,1122.32,0,3072.21,4194.53,0,0,0,0
20110700000064,3024000,3576960,-1,6765120,0,3,6,2,3,522.88,648.9,241.84,1413.62,0,0,0,0
20110700000071,-1,-1,4622400,4622400,0,0,0,5,1,0,0,2377.21,2377.21,0,0,0,0
20110800000015,-1,-1,-1,-1,0,0,0,2,0,0,0,452.84,452.84,0,0,0,0
20110800000022,-1,-1,-1,-1,0,0,0,1,0,0,0,72.81,72.81,0,0,0,0
20110800000042,-1,4118400,4478400,4417920,0,2,7,7,5,378.5,1381.67,1296.4,3056.57,0,0,0,0
20110800000045,4285440,3295542,6422400,4584282,0,6,8,4,6,983.52,1860.76,695.67,3539.95,0,0,0,0
20110800000047,9676800,4996800,-1,6448581,0,3,7,2,4,550.47,1575.27,156.72,2282.46,0,0,0,0
20110800000054,-1,-1,-1,-1,0,0,0,2,0,0,0,268.36,268.36,0,0,0,0
20110800000061,-1,-1,-1,-1,0,0,0,1,0,0,0,152.64,152.64,0,0,0,0
20110800000067,-1,-1,-1,-1,0,0,0,2,0,0,0,175.22,175.22,0,0,0,0
20110800000077,-1,-1,-1,-1,0,0,0,2,0,0,0,317.92,317.92,0,0,0,0
20110900000024,-1,1987200,5616000,3778036,0,0,7,5,4,0,1305.53,794.44,2099.97,0,0,0,0
20110900000028,-1,-1,-1,-1,0,0,0,2,0,0,0,209.48,209.48,0,0,0,0
20110900000063,-1,-1,-1,-1,0,0,0,2,0,0,0,238.02,238.02,0,0,0,0
20111000000025,-1,-1,-1,-1,0,0,0,2,0,0,0,400.3,400.3,0,0,0,0
20111200000044,-1,11318400,933120,6912000,0,2,3,6,3,349.3,403.76,1050.36,1803.42,0,0,0,0
20111200000046,6768000,-1,2700000,8974800,0,4,0,5,3,635.24,0,795.69,1430.93,0,0,0,0
20111200000049,-1,5673600,3214080,5867345,0,2,4,6,4,339.5,594.24,1113.12,2046.86,0,0,0,0
20120100000024,2141485,2122971,1681920,1954560,1,15,15,16,15,6087.57,3517.31,4017.06,13621.94,0,0,0,0
20120100000037,-1,-1,-1,-1,0,0,0,2,0,0,0,217.22,217.22,0,0,0,0
20120200000024,-1,-1,-1,-1,0,0,0,2,0,0,0,140.95,140.95,0,0,0,0
20120200000036,-1,-1,-1,-1,0,0,0,2,0,0,0,482.4,482.4,0,0,0,0
20120200000037,3172114,-1,-1,8016000,0,8,0,2,3,1901.12,0,462.0,2363.12,0,0,0,0
20120200000058,5918400,-1,4276800,9388800,0,5,0,5,3,677.33,0,1006.45,1683.78,0,0,0,0
20120200000063,-1,-1,-1,-1,0,0,0,1,0,0,0,198.59,198.59,0,0,0,0
20120300000003,-1,-1,-1,12441600,0,2,2,2,2,475.0,475.0,402.55,1352.55,0,0,0,0
20120300000043,-1,-1,-1,-1,0,0,0,0,0,0,0,0,0,0,0,0,0
20120300000058,-1,-1,-1,-1,0,0,0,2,0,0,0,301.86,301.86,0,0,0,0
20120300000066,-1,-1,-1,-1,0,0,0,2,0,0,0,303.04,303.04,0,0,0,0
20120400000020,-1,-1,2980800,18446400,0,2,0,3,1,437.05,0,569.26,1006.31,0,0,0,0
20120400000051,-1,-1,-1,-1,0,0,1,1,0,0,172.39,153.29,325.68,0,0,0,0
20120400000054,4363200,-1,7315200,13651200,3,3,0,4,2,693.31,0,660.77,1354.08,0,0,0,0
20120400000075,-1,-1,2056320,2056320,0,0,0,6,2,0,0,882.08,882.08,0,0,0,0
20120400000079,-1,-1,-1,16617600,0,2,0,2,1,1562.6,0,345.92,1908.52,0,0,0,0
20120400000099,-1,-1,-1,-1,0,0,0,2,0,0,0,387.84,387.84,0,0,0,0
20120400000116,-1,-1,-1,-1,0,0,0,2,0,0,0,137.22,137.22,0,0,0,0
20120400000153,-1,-1,-1,-1,0,0,0,2,0,0,0,532.3,532.3,0,0,0,0
20120500000072,-1,2488320,2382171,5299200,8,2,6,8,5,255.04,1023.28,1068.38,2346.7,0,0,0,0
20120500000085,-1,-1,-1,-1,0,0,0,2,0,0,0,227.94,227.94,0,0,0,0
20120500000153,-1,-1,-1,-1,0,0,0,2,0,0,0,136.2,136.2,0,0,0,0
20120500000164,-1,-1,-1,-1,0,0,0,2,0,0,0,396.7,396.7,0,0,0,0
20120600000015,2811927,2764800,3110400,3044160,0,12,10,9,10,2870.1,2726.32,2266.84,7863.26,0,0,0,0
20120600000047,1629257,1702588,5335200,2106291,0,15,18,5,12,1826.59,1885.9,457.98,4170.47,0,0,0,0
20120600000052,4550400,4337280,3196800,4525200,0,4,6,7,5,286.0,720.36,902.92,1909.28,0,0,0,0
20120600000055,-1,-1,-1,-1,0,0,0,1,0,0,0,103.25,103.25,0,0,0,0
20120600000058,-1,2801828,2894400,3879360,0,0,8,3,3,0,1278.88,723.36,2002.24,0,0,0,0
20120600000072,-1,-1,5587200,9482400,0,0,1,4,1,0,256.57,519.74,776.31,0,0,0,0
20120600000077,-1,-1,-1,8352000,0,0,2,2,1,0,350.11,253.67,603.78,0,0,0,0
20120600000079,-1,-1,-1,-1,0,0,0,1,0,0,0,257.8,257.8,0,0,0,0
20120600000110,-1,-1,-1,21168000,0,2,0,2,1,197.62,0,223.3,420.92,0,0,0,0
20120700000046,-1,-1,-1,12666240,0,2,2,2,2,416.34,208.44,252.56,877.34,0,0,0,0
20120700000062,-1,-1,-1,-1,0,0,0,1,0,0,0,227.78,227.78,0,0,0,0
20120700000065,1832914,2566080,-1,3091200,0,15,11,2,9,4898.12,1939.49,106.82,6944.43,0,0,0,0
20120800000061,4924800,-1,201600,8283600,0,3,2,4,3,267.22,180.0,1001.1,1448.32,0,0,0,0
20120800000065,-1,-1,-1,18165600,0,2,2,1,1,515.15,398.03,175.0,1088.18,0,0,0,0
20120800000111,-1,4406400,-1,9296640,0,0,4,2,2,0,384.86,322.86,707.72,0,0,0,0
20120900000021,6624000,-1,-1,11750400,0,4,2,2,2,783.77,295.24,382.68,1461.69,0,0,0,0
20120900000023,-1,-1,-1,-1,0,0,0,2,0,0,0,254.94,254.94,0,0,0,0
20120900000034,3014400,-1,1065600,5247360,0,10,2,4,5,2185.55,383.99,726.05,3295.59,0,0,0,0
20120900000035,-1,-1,777600,777600,0,0,0,3,1,0,0,417.18,417.18,0,0,0,0
20120900000076,-1,-1,-1,-1,0,0,0,2,0,0,0,213.01,213.01,0,0,0,0
20120900000082,-1,-1,-1,-1,0,1,0,1,0,120.63,0,75.8,196.43,0,0,0,0
20120900000120,-1,-1,-1,-1,0,0,0,1,0,0,0,140.02,140.02,0,0,0,0
20121000000059,-1,-1,-1,7545600,0,0,2,2,1,0,408.48,507.36,915.84,0,0,0,0
20121000000066,5443200,5904000,6710400,6676363,1,4,4,4,4,908.48,590.82,1076.12,2575.42,0,0,0,0
20121100000077,-1,6782400,11404800,8847360,0,0,3,3,2,0,587.17,348.23,935.4,0,0,0,0
20121200000036,-1,-1,-1,-1,0,0,0,1,0,0,0,203.51,203.51,0,0,0,0
20121200000045,-1,-1,-1,-1,0,0,0,2,0,0,0,306.22,306.22,0,0,0,0
20121200000100,2011885,1778823,1894628,1921021,0,15,18,15,16,1123.0,1566.88,1128.12,3818.0,0,0,0,0
20121200000111,-1,-1,6220800,6220800,0,0,0,3,1,0,0,480.28,480.28,0,0,0,0
20130100000021,-1,-1,9302400,9352800,0,0,1,4,1,0,183.44,844.24,1027.68,0,0,0,0
20130100000068,-1,4011428,5581440,4379815,0,0,8,6,4,0,526.41,711.12,1237.53,0,0,0,0
20130100000075,-1,2678400,-1,6480000,0,0,4,2,2,0,323.56,159.6,483.16,0,0,0,0
20130100000120,-1,9187200,-1,6368914,0,2,4,2,2,266.22,623.68,330.12,1220.02,0,0,0,0
20130300000034,-1,-1,-1,-1,0,0,0,2,0,0,0,595.08,595.08,0,0,0,0
20130300000043,-1,-1,-1,-1,0,0,0,2,0,0,0,352.15,352.15,0,0,0,0
20130300000045,-1,-1,172800,172800,0,0,0,3,1,0,0,341.32,341.32,0,0,0,0
20141200421595,-1,-1,-1,-1,0,0,0,1,0,0,0,147.31,147.31,0,0,0,0
20141200421596,-1,4276800,2080800,3913411,0,2,3,13,6,372.08,268.81,1250.55,1891.44,0,0,0,0
20141200421599,-1,-1,7142400,10771200,0,1,2,4,2,0.0,458.18,778.16,1236.34,0,0,100,100
20141200421602,-1,835200,5011200,5892480,0,2,4,5,3,864.96,785.56,995.91,2646.43,0,0,0,0
20141200421604,-1,-1,-1,-1,0,0,0,2,0,0,0,482.44,482.44,0,0,0,0
20150100343708,-1,-1,6105600,9960685,0,2,2,4,2,268.74,204.54,589.8,1063.08,0,0,0,0
20150100343710,-1,-1,3283200,3283200,0,0,0,3,1,0,0,442.06,442.06,0,0,0,0
20150100343714,-1,-1,-1,-1,0,0,0,2,0,0,0,101.04,101.04,0,0,0,0
20150100343716,-1,3335040,2013784,3723840,0,1,6,14,7,115.0,972.34,2389.54,3476.88,0,0,0,0
20150100343719,2721600,-1,-1,13968000,0,3,0,1,1,434.48,0,265.82,700.3,0,0,0,0
20150100343721,-1,-1,-1,-1,0,0,0,2,0,0,0,103.14,103.14,0,0,0,0
20150100343728,-1,-1,-1,-1,0,0,0,2,0,0,0,161.04,161.04,0,0,0,0
20150100343734,-1,-1,806400,806400,0,0,0,4,1,0,0,698.0,698.0,0,0,0,0
20150100343743,-1,-1,1684800,1684800,0,0,0,3,1,0,0,1563.25,1563.25,0,0,0,0
20150100343748,-1,-1,-1,17625600,0,2,0,2,1,855.88,0,428.96,1284.84,0,0,0,0
20150100343751,-1,-1,3159771,3877200,0,0,1,8,3,0,313.97,1390.04,1704.01,0,0,0,0
20150100343758,-1,-1,-1,-1,0,0,0,2,0,0,0,361.12,361.12,0,0,0,0
20150100343760,5054400,3905280,1422720,2732400,0,3,6,16,8,443.17,979.8,2714.93,4137.9,0,0,0,0
20150100343761,-1,-1,-1,-1,0,0,0,1,0,0,0,658.28,658.28,0,0,0,0
20150100343765,-1,-1,2959200,3787200,0,0,2,5,2,0,437.82,734.14,1171.96,0,0,0,0
20150100343769,-1,950400,-1,6428160,2,0,4,2,2,0,281.44,298.68,580.12,0,0,0,0
20150100343770,-1,-1,-1,-1,0,0,0,2,0,0,0,298.68,298.68,0,0,0,0
20150100343778,-1,-1,-1,21484800,0,2,0,2,1,516.34,0,553.9,1070.24,0,0,0,0
20150200105282,-1,-1,-1,-1,0,0,0,2,0,0,0,255.18,255.18,0,0,0,0
20150200105284,-1,-1,2419200,13996800,0,2,0,4,2,453.5,0,589.4,1042.9,0,0,0,0
20150200105295,-1,-1,-1,-1,0,0,0,2,0,0,0,257.86,257.86,0,0,0,0
20150200105301,-1,-1,-1,14450400,4,2,2,1,1,772.06,3272.72,282.71,4327.49,0,0,0,0
20150200105311,-1,-1,-1,-1,0,0,0,2,0,0,0,459.67,459.67,0,0,0,0
20150200105344,-1,-1,-1,-1,0,0,0,2,0,0,0,168.4,168.4,0,0,0,0
20150200105346,-1,-1,-1,-1,0,0,0,1,0,0,0,132.88,132.88,0,0,0,0
20150200105348,-1,-1,-1,-1,0,0,0,2,0,0,0,264.64,264.64,0,0,0,0
20150200105351,-1,-1,-1,-1,0,0,0,2,0,0,0,239.36,239.36,0,0,0,0
20150200105353,-1,2181600,2448000,2451600,0,0,5,4,3,0,2121.35,935.0,3056.35,0,0,0,0
20150200105355,-1,-1,-1,-1,0,0,0,2,0,0,0,889.7,889.7,0,0,0,0
20150200105359,-1,-1,-1,-1,0,0,0,2,0,0,0,1237.64,1237.64,0,0,0,0
20150200105360,-1,-1,-1,-1,0,0,0,2,0,0,0,254.2,254.2,0,0,0,0
20150200105377,-1,-1,-1,-1,0,0,0,2,0,0,0,284.92,284.92,0,0,0,0
20150200105380,-1,-1,-1,-1,0,0,0,2,0,0,0,371.0,371.0,0,0,0,0
20150200105381,-1,-1,-1,-1,0,0,0,2,0,0,0,371.0,371.0,0,0,0,0
20150200105399,-1,-1,777600,777600,0,0,0,3,1,0,0,540.0,540.0,0,0,0,0
20150200105402,-1,-1,-1,2131200,0,0,2,2,1,0,404.56,396.18,800.74,0,0,0,0
20150200105405,-1,-1,892800,892800,0,0,0,4,1,0,0,300.32,300.32,0,0,0,0
20150200105415,-1,-1,806400,806400,0,0,0,4,1,0,0,746.9,746.9,0,0,0,0
20150200105417,-1,-1,-1,-1,0,0,0,2,0,0,0,279.72,279.72,0,0,0,0
20150200105421,-1,-1,-1,-1,0,0,0,2,0,0,0,263.94,263.94,0,0,0,0
20150200105424,-1,-1,-1,12268800,0,2,0,2,1,340.0,0,387.18,727.18,0,0,0,0
20150200105431,-1,-1,5126400,5126400,0,0,0,4,1,0,0,605.58,605.58,0,0,0,0
20150200105459,-1,-1,-1,-1,0,0,0,2,0,0,0,100.78,100.78,0,0,0,0
20150200105462,1512000,-1,-1,14212800,0,3,0,2,1,1730.62,0,378.12,2108.74,0,0,0,0
20150200105464,-1,-1,1152000,1152000,0,0,0,10,3,0,0,1680.84,1680.84,0,0,0,0
20150200105473,-1,-1,-1,29505600,0,2,0,1,1,453.0,0,196.19,649.19,0,0,0,0
20150200105478,-1,-1,-1,-1,0,0,0,2,0,0,0,378.12,378.12,0,0,0,0
20150200105480,-1,-1,-1,-1,0,0,0,2,0,0,0,609.6,609.6,0,0,0,0
20150200105493,-1,-1,-1,-1,0,0,0,2,0,0,0,1032.7,1032.7,0,0,0,0
20150200105499,-1,-1,-1,18489600,0,2,0,2,1,459.08,0,262.04,721.12,0,0,0,0
20150200105505,-1,-1,-1,-1,0,0,0,2,0,0,0,359.22,359.22,0,0,0,0
20150200105516,-1,-1,-1,-1,0,0,0,2,0,0,0,260.56,260.56,0,0,0,0
20150200105524,-1,-1,-1,-1,0,0,0,2,0,0,0,298.68,298.68,0,0,0,0
20150200105530,950400,-1,1814400,5842800,0,3,2,4,3,1004.81,500.0,1177.0,2681.81,0,0,0,0
20150200105549,-1,3045600,2105018,3811200,0,2,5,12,6,315.46,1253.67,2568.03,4137.16,0,0,0,0
20150200105558,-1,-1,-1,7804800,0,0,2,2,1,0,795.82,1085.95,1881.77,0,0,0,0
20150200105567,-1,-1,5149440,5455542,0,0,2,6,2,0,158.44,442.47,600.91,0,0,0,0
20150200105581,-1,-1,-1,18460800,0,2,0,2,1,352.72,0,91.52,444.24,0,0,0,0
20150200105584,-1,-1,-1,-1,0,0,0,2,0,0,0,2537.0,2537.0,0,0,0,0
20150200105587,-1,-1,-1,-1,0,0,0,2,0,0,0,432.0,432.0,0,0,0,0
20150200105606,-1,-1,-1,-1,0,0,0,2,0,0,0,543.4,543.4,0,0,0,0
20150200105611,-1,-1,4717440,4717440,1,0,0,6,2,0,0,1750.22,1750.22,0,0,0,0
20150200105618,-1,-1,921600,921600,0,0,0,4,1,0,0,406.42,406.42,0,0,0,0
20150200105632,-1,-1,-1,-1,0,0,0,2,0,0,0,254.2,254.2,0,0,0,0
20150200105636,-1,-1,-1,-1,0,0,0,1,0,0,0,1872.0,1872.0,0,0,0,0
20150200105642,-1,-1,-1,12268800,0,2,2,2,2,349.3,313.66,298.07,961.03,0,0,0,0
20150200105652,-1,-1,4204800,4204800,0,0,0,4,1,0,0,409.34,409.34,0,0,0,0
20150200105670,-1,-1,-1,-1,0,0,0,2,0,0,0,366.65,366.65,0,0,0,0
20150200105671,-1,-1,2298240,2298240,0,0,0,11,3,0,0,1091.43,1091.43,0,0,0,0
20150200105674,-1,-1,-1,-1,0,0,0,2,0,0,0,132.82,132.82,0,0,0,0
20150200105681,-1,-1,-1,20793600,0,2,0,2,1,184.1,0,91.52,275.62,0,0,0,0
20150200105693,-1,-1,-1,-1,0,0,0,2,0,0,0,402.48,402.48,0,0,0,0
20150200105694,4435200,2436480,1296000,2883600,0,4,6,15,8,853.13,516.38,1113.36,2482.87,0,0,0,0
20150200105697,-1,-1,-1,-1,0,0,0,2,0,0,0,1142.55,1142.55,0,0,0,0
20150200105702,-1,-1,-1,-1,0,0,0,2,0,0,0,536.7,536.7,0,0,0,0
20150200105703,-1,-1,-1,-1,0,0,0,2,0,0,0,0.0,0.0,0,0,0,0
20150200105708,-1,-1,-1,-1,0,0,0,1,0,0,0,576.95,576.95,0,0,0,0
20150200105711,-1,-1,-1,-1,0,0,0,2,0,0,0,617.96,617.96,0,0,0,0
20150200105719,-1,-1,4204800,9123840,0,0,2,4,2,0,490.86,1232.85,1723.71,0,0,0,0
20150200105721,-1,-1,-1,-1,0,0,0,2,0,0,0,221.0,221.0,0,0,0,0
20150200105736,-1,-1,-1,-1,0,0,0,2,0,0,0,282.8,282.8,0,0,0,0
20150200105737,-1,-1,-1,11422080,0,2,2,2,2,288.9,319.64,225.2,833.74,0,0,0,0
20150200105749,-1,86400,2234057,4343563,0,0,4,8,4,0,723.42,1273.38,1996.8,0,0,0,0
20150200105750,-1,-1,-1,2736000,0,0,2,2,1,0,300.26,392.42,692.68,0,0,0,0
20150200105753,-1,-1,-1,-1,0,0,0,2,0,0,0,412.0,412.0,0,0,0,0
20150200105755,-1,5011200,2505600,3689280,0,0,3,8,3,0,434.74,715.62,1150.36,0,0,0,0
20150200105760,-1,-1,-1,-1,0,0,0,2,0,0,0,254.14,254.14,0,0,0,0
20150200105767,-1,-1,3196800,3196800,0,0,0,4,1,0,0,598.88,598.88,0,0,0,0
20150200105769,-1,2592000,4924800,8649600,0,2,4,4,3,424.22,794.26,598.4,1816.88,0,0,0,0
20150200105771,-1,-1,-1,-1,0,0,0,2,0,0,0,233.54,233.54,0,0,0,0
20150200105774,-1,-1,-1,-1,0,0,0,2,0,0,0,233.54,233.54,0,0,0,0
20150200105779,-1,-1,-1,-1,1,0,0,1,0,0,0,428.97,428.97,0,0,0,0
20150200105782,-1,-1,5414400,5414400,0,0,0,4,1,0,0,480.18,480.18,0,0,0,0
20150200105792,-1,-1,-1,20966400,0,1,2,1,1,151.0,427.57,143.93,722.5,0,0,0,0
20150200105795,-1,-1,3916800,3916800,0,0,0,4,1,0,0,1674.5,1674.5,0,0,0,0
20150200105798,-1,-1,-1,-1,0,0,0,2,0,0,0,211.52,211.52,0,0,0,0
20150200105806,-1,-1,-1,-1,0,0,0,2,0,0,0,1105.78,1105.78,0,0,0,0
20150200105814,-1,-1,-1,-1,0,0,0,2,0,0,0,146.16,146.16,0,0,0,0
20150200105819,-1,-1,-1,-1,0,0,0,2,0,0,0,281.52,281.52,0,0,0,0
20150200105846,-1,-1,7228800,7228800,0,0,0,4,1,0,0,276.82,276.82,0,0,449,449
20150200105863,-1,-1,216000,216000,0,0,0,3,1,0,0,1533.12,1533.12,0,0,0,0
20150200105868,-1,-1,9633600,13737600,0,0,2,3,1,0,578.42,324.01,902.43,0,0,0,0
20150200105871,-1,-1,-1,-1,0,0,0,2,0,0,0,232.86,232.86,0,0,0,0
20150200105887,-1,-1,259200,12592800,0,1,0,4,1,358.28,0,794.26,1152.54,0,0,0,0
20150200105893,-1,-1,-1,-1,0,0,0,2,0,0,0,464.56,464.56,0,0,0,0
20150200105898,-1,-1,-1,-1,0,0,0,1,0,0,0,533.42,533.42,0,0,0,0
20150200105926,-1,-1,-1,-1,0,0,0,2,0,0,0,286.78,286.78,0,0,0,0
20150200105927,-1,-1,-1,-1,0,0,0,2,0,0,0,0.0,0.0,0,0,0,0
20150200105935,-1,-1,2448000,2448000,0,0,0,4,1,0,0,637.3,637.3,0,0,0,0
20150200105939,-1,6134400,-1,5637600,0,0,3,2,1,0,265.28,212.9,478.18,0,0,0,0
20150200105942,-1,-1,-1,-1,0,0,0,2,0,0,0,1312.32,1312.32,0,0,0,0
20150200105945,-1,-1,-1,-1,0,0,0,2,0,0,0,605.5,605.5,0,0,0,0
20150200105949,-1,-1,-1,-1,0,0,0,2,0,0,0,174.76,174.76,0,0,0,0
20150200105974,-1,-1,4723200,12427200,0,1,2,4,2,204.44,247.94,791.3,1243.68,0,0,0,0
20150200105977,7581600,-1,2172342,6840000,0,5,0,8,4,1178.0,0,1912.04,3090.04,0,0,0,0
20150200105987,-1,-1,-1,-1,0,0,0,2,0,0,0,152.52,152.52,0,0,0,0
20150200105998,-1,-1,-1,-1,0,0,0,2,0,0,0,536.78,536.78,0,0,0,0
20150200106012,-1,-1,-1,-1,0,0,0,1,0,0,0,95.62,95.62,0,0,0,0
20150200106013,-1,-1,-1,-1,0,0,0,2,0,0,0,413.08,413.08,0,0,0,0
20150200106015,-1,-1,835200,835200,0,0,0,4,1,0,0,530.6,530.6,0,0,0,0
20150200106020,-1,-1,835200,835200,0,0,0,4,1,0,0,530.6,530.6,0,0,0,0
20150200106021,-1,-1,-1,-1,0,0,0,2,0,0,0,208.36,208.36,0,0,0,0
20150200106022,-1,6364800,-1,12902400,0,1,4,2,2,261.95,414.32,981.48,1657.75,0,0,0,0
20150200106023,-1,-1,-1,-1,0,0,0,2,0,0,0,366.22,366.22,0,0,0,0
20150200106025,-1,-1,-1,4118400,0,0,2,2,1,0,231.42,378.12,609.54,0,0,0,0
20150200106051,-1,-1,-1,-1,0,0,0,2,0,0,0,393.93,393.93,0,0,0,0
20150200106084,-1,-1,-1,-1,0,0,0,2,0,0,0,452.18,452.18,0,0,0,0
20150200106088,-1,-1,-1,-1,0,0,0,2,0,0,0,317.0,317.0,0,0,0,0
20150200106090,-1,-1,-1,30067200,0,1,0,2,1,134.23,0,209.72,343.95,0,0,0,0
20150200106091,-1,-1,-1,-1,0,0,0,2,0,0,0,420.0,420.0,0,0,0,0
20150200106098,-1,-1,-1,-1,0,0,0,2,0,0,0,921.48,921.48,0,0,0,0
20150200106110,662400,720000,691200,4092218,0,4,4,4,4,618.84,584.02,0.5,1203.36,0,0,0,0
20150200106112,-1,-1,-1,-1,0,0,0,1,0,0,0,367.36,367.36,0,0,0,0
20150200106113,-1,-1,-1,-1,0,0,0,2,0,0,0,150.38,150.38,0,0,0,0
20150200106116,-1,-1,-1,-1,0,0,0,2,0,0,0,455.82,455.82,0,0,0,0
20150200106119,-1,-1,-1,-1,0,0,0,2,0,0,0,206.94,206.94,0,0,0,0
20150200106123,-1,-1,259200,259200,0,0,0,4,1,0,0,450.0,450.0,0,0,0,0
20150200106125,-1,-1,-1,-1,0,0,0,2,0,0,0,147.3,147.3,0,0,0,0
20150200106126,-1,-1,-1,-1,0,0,0,2,0,0,0,473.46,473.46,0,0,0,0
20150200106127,-1,-1,-1,-1,0,0,0,2,0,0,0,147.3,147.3,0,0,0,0
20150200106128,-1,-1,2505600,2505600,0,0,0,4,1,0,0,1343.88,1343.88,0,0,0,0
20150200106131,-1,-1,-1,-1,0,0,0,2,0,0,0,173.75,173.75,0,0,0,0
20150200106132,-1,-1,1555200,1555200,0,0,0,3,1,0,0,480.13,480.13,0,0,0,0
20150200106137,-1,-1,-1,-1,0,0,0,1,0,0,0,289.39,289.39,0,0,0,0
20150200106139,-1,-1,4510080,7484400,0,1,2,6,3,225.0,265.22,1057.72,1547.94,0,0,0,0
20150200106141,-1,-1,-1,-1,0,0,0,0,0,0,0,0,0,0,0,0,0
20150200106143,-1,-1,-1,-1,1,0,0,1,0,0,0,229.58,229.58,0,0,0,0
20150200106147,-1,-1,-1,-1,0,0,0,2,0,0,0,197.08,197.08,0,0,0,0
20150200106154,-1,-1,8467200,8467200,0,0,0,3,1,0,0,577.53,577.53,0,0,0,0
20150200106189,-1,-1,-1,-1,0,0,0,1,0,0,0,172.38,172.38,0,0,0,0
20150200106192,-1,4924800,4168800,4872960,0,0,6,5,3,0,1359.8,1238.31,2598.11,0,0,0,0
20150200106193,-1,-1,-1,-1,0,0,0,2,0,0,0,301.86,301.86,0,0,0,0
20150200106196,-1,-1,-1,-1,0,0,0,2,0,0,0,138.06,138.06,0,0,0,0
20150200106198,-1,-1,-1,-1,0,0,0,2,0,0,0,156.96,156.96,0,0,0,0
20150200106199,-1,-1,-1,-1,0,0,0,2,0,0,0,138.06,138.06,0,0,0,0
20150200106209,-1,-1,-1,-1,0,0,0,1,0,0,0,526.76,526.76,0,0,0,0
20150200106215,-1,-1,-1,-1,0,0,0,2,0,0,0,299.92,299.92,0,0,0,0
20150200106218,-1,-1,-1,-1,0,0,0,2,0,0,0,242.76,242.76,0,0,0,0
20150200106225,-1,-1,-1,-1,0,0,0,1,0,0,0,116.67,116.67,0,0,0,0
20150200106229,-1,-1,-1,-1,0,0,0,1,0,0,0,87.05,87.05,0,0,0,0
20150200106231,-1,-1,-1,9129600,0,0,2,2,1,0,540.0,206.54,746.54,0,0,0,0
20150200106241,-1,-1,-1,-1,0,0,0,1,0,0,0,146.96,146.96,0,0,0,0
20150200106242,-1,-1,-1,-1,0,0,0,1,0,0,0,105.38,105.38,0,0,0,0
20150200106271,-1,-1,-1,-1,0,0,0,2,0,0,0,0.0,0.0,0,0,0,0
20150200106277,-1,-1,950400,8064000,0,2,2,3,2,242.84,163.16,474.07,880.07,0,0,0,0
20150200106284,-1,-1,-1,-1,0,0,0,2,0,0,0,265.28,265.28,0,0,0,0
20150200106295,-1,-1,518400,518400,0,0,0,3,1,0,0,552.58,552.58,0,0,0,0
20150200106298,-1,-1,259200,9538560,0,2,0,4,2,307.8,0,3240.0,3547.8,0,0,0,0
20150200106303,-1,-1,-1,-1,0,0,0,2,0,0,0,225.2,225.2,0,0,0,0
20150200106308,-1,-1,1123200,1123200,0,0,0,4,1,0,0,327.92,327.92,0,0,0,0
20150200106309,-1,-1,5155200,5155200,0,0,0,4,1,0,0,766.9,766.9,0,0,0,0
20150200106316,-1,-1,-1,-1,0,0,0,2,0,0,0,389.9,389.9,0,0,0,0
20150200106319,-1,-1,-1,-1,0,0,0,0,0,0,0,0,0,0,0,0,0
20150200106326,-1,-1,-1,-1,0,0,0,2,0,0,0,473.56,473.56,0,0,0,0
20150200106334,-1,-1,1142400,1142400,0,0,0,10,3,0,0,97.2,97.2,0,0,0,0
20150200106342,-1,-1,-1,-1,0,0,0,2,0,0,0,533.54,533.54,0,0,0,0
20150200106346,-1,4190400,1857600,3379200,0,1,5,13,6,188.74,945.6,2657.61,3791.95,0,0,0,0
20150200106354,-1,-1,-1,-1,0,0,0,2,0,0,0,524.0,524.0,0,0,0,0
20150200106363,-1,-1,-1,-1,0,0,0,2,0,0,0,362.24,362.24,0,0,0,0
20150200106384,-1,-1,3744000,3744000,0,0,0,4,1,0,0,183.26,183.26,0,0,0,0
20150200106390,-1,864000,820800,5932800,0,0,4,3,2,0,740.12,552.68,1292.8,0,0,0,0
20150200106399,-1,-1,3571200,3571200,0,0,0,4,1,0,0,871.94,871.94,0,0,0,0
20150200106401,-1,-1,4982400,4982400,0,0,0,4,1,0,0,868.98,868.98,0,0,0,0
20150200106408,-1,-1,172800,172800,0,0,0,3,1,0,0,395.45,395.45,0,0,0,0
20150200106410,-1,-1,-1,-1,0,0,0,2,0,0,0,0.04,0.04,0,0,0,0
20150200106414,-1,-1,-1,-1,0,0,0,1,0,0,0,141.22,141.22,0,0,0,0
20150200106416,-1,-1,-1,-1,0,0,0,2,0,0,0,380.36,380.36,0,0,0,0
20150200106424,-1,-1,-1,-1,0,0,0,1,0,0,0,61.14,61.14,0,0,0,0
20150200106463,-1,-1,4665600,4665600,0,0,0,6,2,0,0,426.54,426.54,0,0,0,0
20150200106464,-1,-1,-1,-1,0,0,0,2,0,0,0,362.24,362.24,0,0,0,0
20150200106483,-1,-1,-1,-1,0,0,0,2,0,0,0,102.54,102.54,0,0,0,0
20150200106487,-1,-1,388800,388800,0,0,0,3,1,0,0,536.02,536.02,0,0,0,0
20150200106489,-1,-1,-1,-1,0,0,0,2,0,0,0,549.72,549.72,0,0,0,0
20150200106498,-1,-1,2801828,2801828,0,0,0,8,2,0,0,5053.5,5053.5,0,0,0,0
20150200106514,-1,-1,-1,-1,0,0,0,2,0,0,0,55.2,55.2,0,0,0,0
20150200106521,-1,-1,5760000,5760000,0,0,0,4,1,0,0,639.08,639.08,0,0,0,0
20150200106522,-1,6998400,-1,9158400,0,2,4,2,2,197.92,853.58,594.2,1645.7,0,0,0,0
20150200106531,-1,-1,4060800,4060800,0,0,0,4,1,0,0,874.43,874.43,0,0,0,0
20150200106546,-1,-1,-1,21081600,0,1,0,2,1,160.01,0,767.8,927.81,0,0,0,0
20150200106548,-1,-1,-1,-1,0,0,0,2,0,0,0,475.0,475.0,0,0,0,0
20150200106561,-1,-1,2505600,2505600,0,0,0,3,1,0,0,415.97,415.97,0,0,0,0
20150200106563,-1,-1,2505600,2505600,0,0,0,3,1,0,0,415.97,415.97,0,0,0,0
20150200106566,-1,-1,-1,-1,0,0,0,2,0,0,0,308.3,308.3,0,0,0,0
20150200106579,-1,-1,-1,-1,0,0,0,2,0,0,0,369.83,369.83,0,0,0,0
20150200106597,-1,-1,-1,-1,0,0,0,2,0,0,0,301.86,301.86,0,0,0,0
20150200106616,-1,13219200,6854400,9720000,0,2,3,4,3,1107.36,430.18,680.76,2218.3,0,0,0,0
20150200106621,-1,-1,-1,-1,0,0,0,1,0,0,0,211.81,211.81,0,0,0,0
20150200106622,-1,-1,-1,-1,0,0,0,2,0,0,0,174.76,174.76,0,0,0,0
20150200106634,-1,-1,-1,5616000,0,0,2,1,1,0,297.54,344.77,642.31,0,0,0,0
20150200106636,-1,-1,-1,-1,0,0,0,1,0,0,0,241.84,241.84,0,0,0,0
20150200106637,-1,-1,-1,-1,0,0,0,1,0,0,0,607.49,607.49,0,0,0,0
20150200106644,-1,-1,3421440,3421440,0,0,0,6,2,0,0,1578.76,1578.76,0,0,0,0
20150200106696,-1,-1,-1,21513600,0,2,0,2,1,292.56,0,266.92,559.48,0,0,0,0
20150200106701,-1,-1,2885760,6578742,0,0,2,6,2,0,372.38,1215.03,1587.41,0,0,0,0
20150200106707,-1,-1,-1,-1,0,0,0,2,0,0,0,425.62,425.62,0,0,0,0
20150200106720,-1,-1,-1,-1,0,0,0,2,0,0,0,404.5,404.5,0,0,0,0
20150200106731,-1,-1,-1,-1,0,0,0,2,0,0,0,395.8,395.8,0,0,0,0
20150200106735,-1,-1,-1,-1,0,0,0,2,0,0,0,563.8,563.8,0,0,0,0
20150200106736,-1,-1,-1,-1,0,0,0,2,0,0,0,86.86,86.86,0,0,0,0
20150200106756,-1,-1,1641600,8590628,0,2,2,4,2,272.1,230.68,280.46,783.24,0,0,0,0
20150200106777,-1,-1,-1,8553600,0,0,2,2,1,0,284.72,317.76,602.48,0,0,0,0
20150200106780,-1,-1,-1,21916800,0,2,0,2,1,248.32,0,377.34,625.66,0,0,0,0
20150200106782,-1,-1,2829600,4648320,0,0,2,9,3,0,264.2,872.22,1136.42,0,0,0,0
20150200106784,-1,-1,6768000,6768000,0,0,0,4,1,0,0,701.34,701.34,0,0,0,0
20150200106786,-1,-1,-1,-1,0,0,0,2,0,0,0,349.26,349.26,0,0,0,0
20150200106804,-1,4363200,2471040,3436061,0,0,3,11,4,0,506.42,1092.28,1598.7,0,0,120,120
20150200106806,-1,-1,-1,-1,0,0,0,2,0,0,0,244.66,244.66,0,0,0,0
20150200106827,-1,-1,-1,-1,0,0,0,2,0,0,0,0.0,0.0,0,0,0,0
20150200106833,-1,-1,3283200,7459200,0,0,1,3,1,0,71.71,257.84,329.55,0,0,0,0
20150200106837,-1,-1,2361600,2361600,0,0,0,4,1,0,0,889.26,889.26,0,0,0,0
20150200106858,-1,-1,-1,-1,0,0,0,2,0,0,0,97.82,97.82,0,0,0,0
20150200106868,-1,-1,-1,-1,0,0,0,2,0,0,0,575.88,575.88,0,0,192,192
20150200106881,-1,-1,-1,-1,0,0,0,1,0,0,0,105.38,105.38,0,0,0,0
20150200106884,-1,-1,388800,388800,0,0,0,3,1,0,0,1019.74,1019.74,0,0,0,0
20150200106886,-1,-1,-1,-1,0,0,0,2,0,0,0,666.3,666.3,0,0,0,0
20150200106894,-1,-1,-1,-1,0,0,0,1,0,0,0,146.96,146.96,0,0,0,0
20150200106899,-1,-1,-1,-1,0,0,0,2,0,0,0,162.66,162.66,0,0,0,0
20150200106900,-1,-1,5011200,9244800,0,0,2,4,2,0,362.48,524.12,886.6,0,0,0,0
20150200106906,-1,-1,-1,-1,0,0,0,1,0,0,0,141.22,141.22,0,0,0,0
20150200106916,-1,-1,-1,-1,0,0,0,2,0,0,0,268.36,268.36,0,0,0,0
20150200106923,-1,-1,-1,-1,0,0,0,2,0,0,0,629.16,629.16,0,0,44,44
20150200106926,-1,-1,-1,-1,1,0,0,2,0,0,0,1002.28,1002.28,0,0,0,0
20150200106930,-1,-1,-1,-1,0,0,0,2,0,0,0,282.22,282.22,0,0,0,0
20150200106944,-1,-1,-1,-1,0,0,0,2,0,0,0,202.06,202.06,0,0,0,0
20150200106947,-1,-1,-1,-1,0,0,0,2,0,0,0,482.98,482.98,0,0,0,0
20150200106949,-1,-1,-1,-1,0,0,0,2,0,0,0,206.54,206.54,0,0,0,0
20150200106966,-1,-1,-1,-1,0,0,0,2,0,0,0,404.0,404.0,0,0,0,0
20150200106970,-1,-1,489600,489600,0,0,0,4,1,0,0,411.66,411.66,0,0,0,0
20150200106986,-1,-1,4078080,4949485,0,0,2,6,2,0,280.0,697.07,977.07,0,0,0,0
20150200106987,-1,14731200,2203200,6842880,0,0,3,3,2,0,415.07,1528.23,1943.3,0,0,0,0
20150200106990,-1,-1,-1,-1,0,0,0,2,0,0,0,461.3,461.3,0,0,0,0
20150200106992,-1,-1,-1,-1,0,0,0,2,0,0,0,179.69,179.69,0,0,0,0
20150200107008,-1,-1,-1,15984000,0,2,0,2,1,1269.95,0,461.3,1731.25,0,0,0,0
20150200107009,-1,-1,-1,-1,0,0,0,2,0,0,0,206.54,206.54,0,0,0,0
20150200107052,-1,-1,-1,-1,0,0,0,2,0,0,0,271.34,271.34,0,0,0,0
20150200107057,-1,-1,892800,892800,0,0,0,4,1,0,0,1786.0,1786.0,0,0,0,0
20150200107083,-1,-1,1353600,1353600,0,0,0,4,1,0,0,683.92,683.92,0,0,0,0
20150200107092,-1,-1,-1,-1,0,0,0,2,0,0,0,399.72,399.72,0,0,0,0
20150200107097,-1,2649600,-1,8104320,0,0,4,2,2,0,440.32,279.24,719.56,0,0,0,0
20150200107101,-1,-1,-1,-1,0,0,0,2,0,0,0,0.0,0.0,0,0,0,0
20150200107114,-1,-1,-1,-1,0,0,0,1,0,0,0,289.1,289.1,0,0,0,0
20150200107140,-1,-1,-1,-1,0,0,0,2,0,0,0,69.78,69.78,0,0,0,0
20150200107141,-1,-1,-1,-1,0,0,0,2,0,0,0,350.88,350.88,0,0,0,0
20150200107152,-1,-1,-1,20044800,0,2,0,2,1,1074.96,0,271.34,1346.3,0,0,0,0
20150200107156,-1,-1,-1,-1,0,0,0,2,0,0,0,289.56,289.56,0,0,0,0
20150200107163,-1,-1,-1,-1,0,0,0,1,0,0,0,167.57,167.57,0,0,0,0
20150200107168,-1,-1,-1,-1,0,0,0,2,0,0,0,219.24,219.24,0,0,0,0
20150200107187,-1,-1,374400,6877440,0,0,2,4,2,0,687.96,689.84,1377.8,0,0,0,0
20150200107189,-1,-1,547200,547200,0,0,0,4,1,0,0,712.66,712.66,0,0,0,0
20150200107197,-1,-1,-1,-1,0,0,0,2,0,0,0,279.32,279.32,0,0,0,0
20150200107199,-1,-1,86400,86400,0,0,0,4,1,0,0,950.0,950.0,0,0,0,0
20150200107201,-1,-1,-1,-1,0,0,0,1,0,0,0,180.9,180.9,0,0,0,0
20150200107220,-1,-1,-1,-1,0,0,0,2,0,0,0,327.14,327.14,0,0,0,0
20150200107223,-1,-1,-1,-1,0,0,0,2,0,0,0,538.16,538.16,0,0,0,0
20150200107227,-1,-1,10454400,10454400,0,0,0,3,1,0,0,441.72,441.72,0,0,0,0
20150200107233,-1,-1,-1,-1,0,0,0,2,0,0,0,916.08,916.08,0,0,0,0
20150200107238,-1,-1,2989440,2989440,0,0,0,6,2,0,0,301.35,301.35,0,0,0,0
20150200107249,-1,-1,3024000,2044800,0,0,1,3,1,0,226.85,365.15,592.0,0,0,0,0
20150200107266,-1,-1,-1,-1,0,0,0,2,0,0,0,234.76,234.76,0,0,0,0
20150200107270,-1,-1,2289600,6004800,0,2,0,7,3,253.9,0,1537.41,1791.31,0,0,0,0
20150200107289,-1,-1,-1,-1,0,0,0,2,0,0,0,267.18,267.18,0,0,0,0
20150200107302,-1,-1,-1,11635200,0,0,2,2,1,0,555.76,536.0,1091.76,0,0,0,0
20150200107317,-1,-1,9547200,9547200,0,0,0,3,1,0,0,446.13,446.13,0,0,0,0
20150200107320,-1,-1,-1,-1,0,0,0,2,0,0,0,1013.34,1013.34,0,0,0,0
20150200107322,-1,-1,-1,-1,0,0,0,2,0,0,0,207.42,207.42,0,0,0,0
20150200107324,-1,-1,-1,-1,0,0,0,2,0,0,0,434.38,434.38,0,0,0,0
20150200107333,-1,8294400,4078080,6998400,0,2,4,6,4,557.64,1097.28,1759.28,3414.2,0,0,0,0
20150200107336,-1,-1,-1,-1,0,0,0,2,0,0,0,134.36,134.36,0,0,0,0
20150200107344,-1,-1,-1,-1,0,0,0,2,0,0,0,687.36,687.36,0,0,0,0
20150200107350,-1,-1,-1,10569600,0,0,2,2,1,0,229.1,255.18,484.28,0,0,0,0
20150200107353,-1,-1,-1,-1,0,0,0,2,0,0,0,413.56,413.56,0,0,0,0
20150200107355,2175709,980452,3240000,1861714,0,12,24,7,14,786.34,1558.0,568.56,2912.9,0,0,0,0
20150200107357,-1,-1,-1,-1,0,0,0,2,0,0,0,515.54,515.54,0,0,0,0
20150200107359,-1,-1,6220800,6220800,0,0,0,4,1,0,0,484.06,484.06,0,0,0,0
20150200107362,-1,-1,3594240,10935771,0,1,1,6,2,187.89,156.33,584.28,928.5,0,0,0,0
20150200107369,-1,-1,-1,-1,0,0,0,2,0,0,0,107.7,107.7,0,0,0,0
20150200107378,-1,-1,-1,-1,0,0,0,2,0,0,0,156.04,156.04,0,0,0,0
20150200107399,-1,-1,6436800,6436800,0,0,0,3,1,0,0,256.85,256.85,0,0,0,0
20150200107412,-1,-1,-1,-1,0,0,0,2,0,0,0,350.44,350.44,0,0,0,0
20150200107413,-1,-1,-1,2332800,0,0,2,2,1,0,133.78,281.51,415.29,0,0,0,0
20150200107426,-1,-1,3456000,8748000,0,0,2,3,1,0,536.64,450.91,987.55,0,0,0,0
20150200107435,-1,-1,-1,-1,0,0,0,2,0,0,0,339.64,339.64,0,0,0,0
20150200107437,-1,-1,-1,-1,0,0,0,2,0,0,0,375.22,375.22,0,0,0,0
20150200107438,-1,-1,-1,-1,0,0,0,2,0,0,0,339.64,339.64,0,0,0,0
20150200107439,1382400,-1,5875200,10022400,0,4,0,3,2,3525.79,0,2423.65,5949.44,0,0,0,0
20150200107443,-1,-1,-1,-1,0,0,0,2,0,0,0,339.64,339.64,0,0,0,0
20150200107453,-1,-1,6091200,10483200,1,0,1,3,1,0,213.88,616.58,830.46,0,0,0,0
20150200107460,-1,-1,-1,4492800,0,0,2,2,1,0,177.92,1119.88,1297.8,0,0,0,0
20150200107473,-1,-1,-1,-1,0,0,0,2,0,0,0,254.2,254.2,0,0,0,0
20150200107474,-1,-1,-1,-1,0,0,0,2,0,0,0,534.3,534.3,0,0,0,0
20150200107482,-1,-1,-1,-1,0,0,0,2,0,0,0,123.76,123.76,0,0,0,0
20150200107489,-1,-1,-1,-1,0,0,0,2,0,0,0,773.58,773.58,0,0,0,0
20150200107491,-1,-1,-1,-1,0,0,0,2,0,0,0,271.34,271.34,0,0,0,0
20150200107495,-1,-1,-1,15789600,0,2,1,2,1,173.98,96.98,434.17,705.13,0,0,0,0
20150200107499,-1,-1,-1,-1,0,0,0,1,0,0,0,117.56,117.56,0,0,0,0
20150200107505,-1,-1,12182400,22060800,0,1,0,3,1,192.6,0,539.52,732.12,0,0,0,0
20150200107519,-1,-1,-1,22766400,0,1,0,2,1,73.33,0,689.14,762.47,0,0,0,0
20150200107528,-1,-1,4262400,12078720,0,2,0,4,2,1380.6,0,959.98,2340.58,0,0,0,0
20150200107533,-1,-1,129600,129600,0,0,0,3,1,0,0,296.77,296.77,0,0,0,0
20150200107534,-1,-1,-1,-1,0,0,0,2,0,0,0,288.42,288.42,0,0,0,0
20150200107537,-1,-1,-1,7344000,0,0,2,1,1,0,373.64,42.58,416.22,0,0,0,0
20150200107542,-1,-1,-1,-1,0,0,0,2,0,0,0,1056.0,1056.0,0,0,0,0
20150200107544,-1,-1,129600,129600,0,0,0,3,1,0,0,235.61,235.61,0,0,0,0
20150200107550,-1,-1,547200,547200,0,0,0,4,1,0,0,463.28,463.28,0,0,0,0
20150200107554,5659200,4046400,2764800,4326646,0,3,7,4,4,207.9,459.11,272.52,939.53,0,0,0,0
20150200107556,-1,-1,4694400,4694400,0,0,0,4,1,0,0,279.41,279.41,0,0,0,0
20150200107561,-1,-1,547200,547200,0,0,0,4,1,0,0,463.28,463.28,0,0,0,0
20150200107563,-1,-1,-1,-1,0,0,0,1,0,0,0,90.74,90.74,0,0,0,0
20150200107566,-1,-1,1670400,1670400,0,0,0,4,1,0,0,734.0,734.0,0,0,0,0
20150200107572,-1,-1,144000,144000,0,0,0,4,1,0,0,1338.6,1338.6,0,0,0,0
20150200107576,-1,-1,4855680,5085257,0,0,2,6,2,0,158.42,747.48,905.9,0,0,0,0
20150200107578,-1,-1,1296000,1296000,0,0,0,4,1,0,0,596.76,596.76,0,0,0,0
20150200107580,-1,-1,4838400,4838400,0,0,0,4,1,0,0,786.42,786.42,0,0,0,0
20150200107583,-1,-1,-1,7896960,0,2,2,2,2,136.34,111.14,132.16,379.64,0,0,0,0
20150200107585,-1,13219200,-1,8928000,0,0,3,1,1,0,348.13,128.11,476.24,0,0,0,0
20150200107588,-1,-1,2764800,2764800,0,0,0,4,1,0,0,668.46,668.46,0,0,0,0
20150200107594,-1,-1,-1,-1,0,0,0,2,0,0,0,151.28,151.28,0,0,0,0
20150200107602,-1,-1,129600,129600,0,0,0,3,1,0,0,307.27,307.27,0,0,0,0
20150200107604,-1,-1,-1,-1,0,0,0,2,0,0,0,126.96,126.96,0,0,0,0
20150200107612,-1,-1,-1,-1,0,0,0,1,0,0,0,55.95,55.95,0,0,0,0
20150200107613,-1,-1,-1,-1,0,0,0,2,0,0,0,291.1,291.1,0,0,0,0
20150200107623,-1,-1,-1,20937600,0,2,0,2,1,1024.64,0,1098.66,2123.3,0,0,0,0
20150200107628,-1,-1,-1,-1,0,0,0,2,0,0,0,175.84,175.84,0,0,0,0
20150200107629,-1,-1,-1,-1,0,0,0,2,0,0,0,428.96,428.96,0,0,0,0
20150200107636,-1,-1,-1,-1,0,0,0,2,0,0,0,390.26,390.26,0,0,0,0
20150200107650,-1,-1,-1,-1,0,0,0,2,0,0,0,209.14,209.14,0,0,0,0
20150200107654,-1,-1,-1,-1,0,0,0,2,0,0,0,356.32,356.32,0,0,0,0
20150200107661,-1,-1,-1,-1,0,0,0,2,0,0,0,416.24,416.24,0,0,0,0
20150200107665,-1,-1,-1,-1,0,0,0,2,0,0,0,416.24,416.24,0,0,0,0
20150200107667,-1,-1,777600,777600,0,0,0,3,1,0,0,501.07,501.07,0,0,0,0
20150200107670,-1,-1,1479600,1479600,0,0,0,9,3,0,0,2443.19,2443.19,0,0,0,0
20150200107678,-1,-1,1036800,1036800,0,0,0,4,1,0,0,355.26,355.26,0,0,0,0
20150200107695,-1,-1,144000,144000,0,0,0,4,1,0,0,1338.6,1338.6,0,0,0,0
20150200107703,-1,-1,-1,-1,0,0,0,1,0,0,0,58.96,58.96,0,0,0,0
20150200107706,-1,-1,-1,-1,0,0,0,2,0,0,0,260.0,260.0,0,0,0,0
20150200107707,-1,-1,2211840,5455542,0,0,2,6,2,0,117.76,472.26,590.02,0,0,0,0
20150200107708,-1,-1,2376000,1872000,1,0,1,3,1,0,189.37,442.23,631.6,0,0,0,0
20150200107709,-1,-1,4752000,4752000,0,0,0,4,1,0,0,797.14,797.14,0,0,0,0
20150200107715,11448000,4536000,-1,8467200,1,3,3,2,2,714.49,614.29,1273.88,2602.66,0,0,0,0
20150200107717,-1,-1,1036800,1036800,0,0,0,4,1,0,0,449.08,449.08,0,0,0,0
20150200107723,-1,-1,1036800,1036800,0,0,0,4,1,0,0,449.08,449.08,0,0,0,0
20150200107725,-1,-1,-1,19670400,0,2,0,2,1,402.68,0,231.94,634.62,0,0,0,0
20150200107726,-1,-1,-1,-1,0,0,0,2,0,0,0,231.94,231.94,0,0,0,0
20150200107728,-1,-1,3412800,3412800,0,0,0,3,1,0,0,430.3,430.3,0,0,0,0
20150200107731,-1,-1,1512000,1512000,0,0,0,3,1,0,0,316.84,316.84,0,0,0,0
20150200107735,-1,-1,-1,-1,0,0,0,2,0,0,0,147.78,147.78,0,0,0,0
20150200107739,-1,-1,-1,-1,0,0,0,1,0,0,0,153.49,153.49,0,0,0,0
20150200107744,-1,662400,2448000,3283200,0,0,4,4,2,0,534.79,363.12,897.91,0,0,0,0
20150200107750,4773600,-1,-1,7948800,0,5,1,2,2,893.24,203.12,1273.88,2370.24,0,0,0,0
20150200107757,-1,-1,-1,-1,0,0,0,2,0,0,0,697.3,697.3,0,0,0,0
20150200107759,-1,-1,-1,-1,0,0,0,2,0,0,0,270.78,270.78,0,0,0,0
20150200107761,-1,-1,-1,-1,0,0,0,2,0,0,0,231.98,231.98,0,0,0,0
20150200107762,-1,-1,432000,432000,0,0,0,4,1,0,0,436.16,436.16,0,0,0,0
20150200107765,-1,-1,-1,-1,0,0,0,2,0,0,0,738.1,738.1,0,0,0,0
20150200107788,-1,-1,-1,-1,0,0,0,2,0,0,0,480.18,480.18,0,0,0,0
20150200107793,-1,-1,-1,-1,0,0,0,1,0,0,0,169.43,169.43,0,0,0,0
20150200107794,-1,-1,-1,-1,0,0,0,1,0,0,0,160.26,160.26,0,0,0,0
20150200107812,-1,-1,-1,-1,0,0,0,1,0,0,0,347.75,347.75,0,0,0,0
20150200107813,-1,-1,3945600,8565942,0,2,2,4,2,634.98,545.49,3176.21,4356.68,0,0,0,0
20150200107814,-1,-1,1192320,8366400,0,1,0,6,2,338.88,0,632.16,971.04,0,0,0,0
20150200107825,-1,-1,-1,-1,0,0,0,2,0,0,0,256.58,256.58,0,0,0,0
20150200107838,-1,-1,-1,-1,0,0,0,2,0,0,0,129.91,129.91,0,0,0,0
20150200107844,-1,-1,-1,-1,0,0,1,1,0,0,193.77,193.77,387.54,0,0,0,0
20150200107846,-1,-1,316800,316800,0,0,0,4,1,0,0,605.0,605.0,0,0,0,0
20150200107849,-1,-1,-1,-1,0,0,0,2,0,0,0,217.82,217.82,0,0,0,0
20150200107856,-1,-1,-1,-1,0,0,0,1,0,0,0,0.0,0.0,0,0,0,0
20150200107860,-1,-1,-1,-1,0,0,0,2,0,0,0,186.24,186.24,0,0,0,0
20150200107863,-1,-1,-1,-1,0,0,0,2,0,0,0,135.74,135.74,0,0,0,0
20150200107868,-1,-1,-1,-1,0,0,0,2,0,0,0,135.74,135.74,0,0,0,0
20150200107869,-1,-1,-1,-1,0,0,0,1,0,0,0,0.0,0.0,0,0,0,0
20150200107873,-1,-1,-1,-1,0,0,0,2,0,0,0,203.36,203.36,0,0,0,0
20150200107880,4838400,4561920,5529600,5840640,0,5,6,5,5,978.21,716.9,635.65,2330.76,0,0,0,0
20150200107890,-1,-1,86400,86400,0,0,0,4,1,0,0,135.74,135.74,0,0,0,0
20150200107891,-1,-1,345600,345600,0,0,0,4,1,0,0,1976.66,1976.66,0,0,0,0
20150200107906,-1,-1,518400,518400,0,0,0,3,1,0,0,484.48,484.48,0,0,0,0
20150200108565,-1,-1,-1,-1,0,0,0,2,0,0,0,254.18,254.18,0,0,0,0
20150200108966,-1,-1,-1,-1,0,0,0,1,0,0,0,120.66,120.66,0,0,0,0
20150200110223,-1,-1,-1,-1,0,0,0,2,0,0,0,84.44,84.44,0,0,0,0
20150200110254,-1,-1,-1,-1,0,0,0,2,0,0,0,61.62,61.62,0,0,0,0
20150200110368,-1,-1,-1,-1,0,0,0,2,0,0,0,84.44,84.44,0,0,0,0
20150200110373,-1,-1,-1,-1,0,0,0,2,0,0,0,84.44,84.44,0,0,0,0
20150200110451,-1,-1,-1,-1,0,0,0,2,0,0,0,729.62,729.62,0,0,0,0
20150200111048,-1,-1,-1,-1,0,0,0,2,0,0,0,91.52,91.52,0,0,0,0
20150200111126,-1,-1,-1,-1,0,0,0,2,0,0,0,113.76,113.76,0,0,0,0
20150200111553,-1,-1,-1,-1,0,0,0,2,0,0,0,257.86,257.86,0,0,0,0
20150200112964,-1,-1,-1,-1,0,0,0,2,0,0,0,352.28,352.28,0,0,0,0
20150200113032,-1,-1,-1,-1,0,0,0,2,0,0,0,323.72,323.72,0,0,0,0
20150200113152,-1,-1,4557600,4557600,1,0,0,5,1,0,0,915.65,915.65,0,0,0,0
20150200114363,-1,-1,5400000,5400000,2,0,0,3,1,0,0,515.86,515.86,0,0,0,0
20150200115544,-1,-1,-1,-1,0,0,0,2,0,0,0,374.04,374.04,0,0,0,0
20150200115594,-1,-1,-1,-1,0,0,0,2,0,0,0,379.34,379.34,0,0,0,0
20150200115595,-1,-1,-1,-1,0,0,0,2,0,0,0,285.52,285.52,0,0,0,0
20150200117368,-1,-1,-1,-1,0,0,0,2,0,0,0,195.78,195.78,0,0,0,0
20150200118293,-1,-1,-1,-1,0,0,0,2,0,0,0,342.86,342.86,0,0,0,0
20150200118314,-1,-1,-1,-1,0,0,0,2,0,0,0,222.42,222.42,0,0,0,0
20150200118654,-1,-1,-1,-1,0,0,0,2,0,0,0,798.94,798.94,0,0,0,0
20150200119176,-1,-1,-1,-1,0,0,0,2,0,0,0,270.08,270.08,0,0,0,0
20150200119177,-1,-1,-1,-1,0,0,0,2,0,0,0,345.92,345.92,0,0,0,0
20150200119244,-1,-1,-1,-1,0,0,0,2,0,0,0,603.0,603.0,0,0,0,0
20150200119349,-1,-1,-1,-1,0,0,0,2,0,0,0,180.9,180.9,0,0,0,0
20150200119571,-1,-1,-1,-1,0,0,0,2,0,0,0,441.68,441.68,0,0,0,0
20150200119792,-1,-1,4176000,4176000,0,0,0,4,1,0,0,424.82,424.82,0,0,0,0
20150200119886,-1,-1,-1,-1,0,0,0,2,0,0,0,339.58,339.58,0,0,0,0
20150200119968,-1,-1,-1,-1,0,0,0,2,0,0,0,546.98,546.98,0,0,0,0
20150200120275,-1,-1,-1,-1,0,0,0,1,0,0,0,203.51,203.51,0,0,0,0
20150200120788,-1,-1,7430400,7430400,0,0,0,4,1,0,0,1638.94,1638.94,0,0,0,0
20150200121063,-1,-1,-1,-1,0,0,0,2,0,0,0,352.28,352.28,0,0,0,0
20150200122007,-1,-1,-1,-1,0,0,0,2,0,0,0,84.48,84.48,0,0,0,0
20150200122996,-1,-1,-1,-1,0,0,0,2,0,0,0,132.66,132.66,0,0,0,0
20150200123051,-1,-1,-1,-1,0,0,0,2,0,0,0,270.08,270.08,0,0,0,0
20150200124433,-1,-1,-1,-1,0,0,0,2,0,0,0,374.5,374.5,0,0,0,0
20150200124562,-1,-1,-1,-1,0,0,0,2,0,0,0,380.84,380.84,0,0,0,0
20150200124669,-1,-1,-1,-1,0,0,0,2,0,0,0,588.0,588.0,0,0,0,0
20150200125495,-1,-1,2289600,2289600,0,0,0,3,1,0,0,586.03,586.03,0,0,0,0
20150200125499,-1,-1,-1,-1,0,0,0,2,0,0,0,683.26,683.26,0,0,0,0
20150200125733,-1,-1,-1,-1,0,0,0,2,0,0,0,277.14,277.14,0,0,0,0
20150200127027,-1,-1,-1,-1,0,0,0,2,0,0,0,224.34,224.34,0,0,0,0
20150200128570,-1,-1,-1,-1,0,0,0,2,0,0,0,339.64,339.64,0,0,0,0
20150200128578,-1,-1,-1,-1,0,0,0,2,0,0,0,333.24,333.24,0,0,0,0
20150200128951,-1,-1,-1,-1,0,0,0,2,0,0,0,574.0,574.0,0,0,0,0
20150200129530,-1,-1,-1,-1,0,0,0,2,0,0,0,352.28,352.28,0,0,0,0
20150200129726,-1,-1,-1,-1,0,0,0,2,0,0,0,249.06,249.06,0,0,0,0
20150200129740,-1,-1,-1,-1,0,0,0,2,0,0,0,244.38,244.38,0,0,0,0
20150200130185,-1,-1,-1,-1,0,0,0,2,0,0,0,307.84,307.84,0,0,0,0
20150200130199,-1,-1,-1,-1,0,0,0,2,0,0,0,285.98,285.98,0,0,0,0
20150200130233,-1,-1,-1,-1,0,0,0,2,0,0,0,307.84,307.84,0,0,0,0
20150200130248,-1,-1,-1,-1,0,0,0,2,0,0,0,285.62,285.62,0,0,0,0
20150200130250,-1,-1,-1,-1,0,0,0,2,0,0,0,307.84,307.84,0,0,0,0
20150200130261,-1,-1,-1,-1,0,0,0,2,0,0,0,236.72,236.72,0,0,0,0
20150200131148,-1,-1,-1,-1,0,0,0,1,0,0,0,167.23,167.23,0,0,0,0
20150200131485,-1,-1,-1,-1,0,0,0,1,0,0,0,116.14,116.14,0,0,0,0
20150200132770,-1,-1,403200,403200,0,0,0,4,1,0,0,304.14,304.14,0,0,0,0
20150200132896,-1,-1,-1,-1,0,0,0,2,0,0,0,291.12,291.12,0,0,0,0
20150200132934,-1,-1,-1,-1,0,0,0,2,0,0,0,415.74,415.74,0,0,0,0
20150200133268,-1,-1,-1,-1,0,0,0,2,0,0,0,132.66,132.66,0,0,0,0
20150200134125,-1,-1,-1,-1,0,0,0,1,0,0,0,40.22,40.22,0,0,0,0
20150200134187,-1,-1,-1,-1,0,0,0,2,0,0,0,582.6,582.6,0,0,0,0
20150200134468,-1,-1,-1,-1,0,0,0,2,0,0,0,264.16,264.16,0,0,0,0
20150200136145,-1,-1,-1,-1,0,0,0,2,0,0,0,91.4,91.4,0,0,0,0
20150200136235,-1,-1,3168000,3168000,0,0,0,4,1,0,0,278.0,278.0,0,0,0,0
20150200137662,-1,-1,-1,-1,0,0,0,2,0,0,0,285.62,285.62,0,0,0,0
20150200137680,-1,-1,-1,-1,0,0,0,2,0,0,0,281.54,281.54,0,0,0,0
20150200137709,-1,-1,-1,-1,0,0,0,2,0,0,0,207.22,207.22,0,0,0,0
20150200137899,-1,-1,-1,-1,0,0,0,2,0,0,0,260.56,260.56,0,0,0,0
20150200137900,-1,-1,-1,-1,0,0,0,2,0,0,0,260.56,260.56,0,0,0,0
20150200138055,-1,-1,-1,-1,0,0,0,2,0,0,0,328.48,328.48,0,0,0,0
20150200138378,-1,-1,-1,-1,0,0,0,2,0,0,0,676.4,676.4,0,0,0,0
20150200138960,-1,-1,-1,-1,0,0,0,2,0,0,0,460.18,460.18,0,0,0,0
20150200139822,-1,-1,-1,-1,0,0,0,2,0,0,0,450.0,450.0,0,0,0,0
20150200140152,-1,-1,-1,-1,0,0,0,2,0,0,0,93.78,93.78,0,0,0,0
20150200140257,-1,-1,-1,-1,0,0,0,2,0,0,0,441.14,441.14,0,0,0,0
20150200140258,-1,-1,-1,-1,0,0,0,2,0,0,0,326.88,326.88,0,0,0,0
20150200140347,-1,-1,-1,-1,0,0,0,2,0,0,0,952.6,952.6,0,0,0,0
20150200140579,-1,-1,-1,-1,0,0,0,2,0,0,0,336.4,336.4,0,0,0,0
20150200141072,-1,-1,-1,-1,0,0,0,2,0,0,0,245.7,245.7,0,0,0,0
20150200141699,-1,-1,216000,216000,0,0,0,3,1,0,0,464.62,464.62,0,0,0,0
20150200141915,-1,-1,-1,-1,0,0,0,2,0,0,0,768.02,768.02,0,0,0,0
20150200142075,-1,-1,-1,-1,0,0,0,2,0,0,0,323.72,323.72,0,0,0,0
20150200142161,-1,-1,-1,-1,0,0,0,2,0,0,0,978.94,978.94,0,0,0,0
20150200142322,-1,-1,-1,-1,0,0,0,2,0,0,0,816.48,816.48,0,0,0,0
20150200142335,-1,-1,-1,-1,0,0,0,1,0,0,0,65.26,65.26,0,0,0,0
20150200142348,-1,-1,-1,-1,0,0,0,1,0,0,0,65.26,65.26,0,0,0,0
20150200142471,-1,-1,-1,-1,0,0,0,1,0,0,0,65.26,65.26,0,0,0,0
20150200143325,-1,-1,1728000,1728000,0,0,0,3,1,0,0,286.51,286.51,0,0,0,0
20150200144147,-1,-1,-1,-1,0,0,0,2,0,0,0,387.18,387.18,0,0,0,0
20150200145073,-1,-1,-1,-1,0,0,0,2,0,0,0,639.0,639.0,0,0,0,0
20150200145583,-1,-1,1382400,1382400,0,0,0,6,2,0,0,748.38,748.38,0,0,0,0
20150200147045,-1,-1,3240000,3240000,0,0,0,5,1,0,0,202.56,202.56,0,0,0,0
20150200148260,5097600,-1,316800,10108800,0,3,0,4,2,520.95,0,426.32,947.27,0,0,0,0
20150200148620,-1,-1,-1,-1,0,0,0,2,0,0,0,339.64,339.64,0,0,0,0
20150200149705,-1,-1,5241600,5241600,0,0,0,4,1,0,0,536.24,536.24,0,0,0,0
20150200149715,-1,-1,-1,-1,0,0,0,2,0,0,0,211.06,211.06,0,0,0,0
20150200150344,-1,-1,-1,-1,0,0,0,2,0,0,0,345.92,345.92,0,0,0,0
20150200150437,-1,-1,-1,-1,0,0,0,2,0,0,0,361.8,361.8,0,0,0,0
20150200150714,-1,-1,-1,-1,0,0,0,2,0,0,0,378.12,378.12,0,0,0,0
20150200150730,-1,-1,-1,-1,0,0,0,2,0,0,0,378.12,378.12,0,0,0,0
20150200151353,-1,-1,-1,-1,0,0,0,2,0,0,0,250.72,250.72,0,0,0,0
20150200151380,-1,-1,-1,-1,0,0,0,2,0,0,0,343.18,343.18,0,0,0,0
20150200151448,-1,-1,4838400,4838400,0,0,0,4,1,0,0,1127.62,1127.62,0,0,0,0
20150200151514,-1,-1,-1,-1,0,0,0,2,0,0,0,142.84,142.84,0,0,0,0
20150200151666,-1,-1,-1,-1,0,0,0,2,0,0,0,132.66,132.66,0,0,0,0
20150200151800,-1,-1,-1,-1,0,0,0,2,0,0,0,2469.1,2469.1,0,0,0,0
20150200151965,-1,-1,-1,-1,0,0,0,2,0,0,0,307.84,307.84,0,0,0,0
20150200151993,-1,-1,-1,-1,0,0,0,2,0,0,0,307.84,307.84,0,0,0,0
20150200152042,-1,-1,-1,-1,0,0,0,2,0,0,0,307.84,307.84,0,0,0,0
20150200152098,-1,-1,-1,-1,0,0,0,2,0,0,0,132.66,132.66,0,0,0,0
20150200152485,-1,-1,1888457,1888457,0,0,0,8,2,0,0,1724.1,1724.1,0,0,0,0
20150200152495,-1,-1,-1,-1,0,0,0,2,0,0,0,170.0,170.0,0,0,0,0
20150200152506,-1,-1,-1,-1,0,0,0,2,0,0,0,389.41,389.41,0,0,0,0
20150200152511,-1,-1,6595200,6595200,0,0,0,4,1,0,0,786.34,786.34,0,0,0,0
20150200152512,-1,-1,-1,-1,0,0,0,2,0,0,0,301.86,301.86,0,0,0,0
20150200152516,-1,-1,1404000,9518400,0,2,0,5,2,668.64,0,1669.2,2337.84,0,0,0,0
20150200152518,-1,-1,-1,-1,0,0,0,2,0,0,0,286.78,286.78,0,0,0,0
20150200152534,-1,-1,-1,29203200,0,2,0,1,1,292.56,0,180.74,473.3,0,0,0,0
20150200152535,-1,-1,1785600,1785600,0,0,0,4,1,0,0,530.1,530.1,0,0,0,0
20150200152544,-1,-1,-1,-1,0,0,0,1,0,0,0,157.02,157.02,0,0,0,0
20150200152545,-1,-1,5529600,7188480,0,0,2,4,2,0,143.34,462.18,605.52,0,0,0,0
20150200152550,-1,-1,-1,-1,0,0,0,2,0,0,0,125.76,125.76,0,0,0,0
20150200152553,-1,-1,-1,-1,0,0,0,2,0,0,0,284.14,284.14,0,0,0,0
20150200152556,-1,259200,288000,1802057,3,0,4,4,2,0,504.36,512.24,1016.6,0,0,0,0
20150200152560,-1,-1,-1,-1,0,0,0,2,0,0,0,152.72,152.72,0,0,0,0
20150200152563,-1,-1,-1,-1,2,0,0,2,0,0,0,353.8,353.8,0,0,0,0
20150200152565,-1,-1,-1,-1,0,0,0,2,0,0,0,103.06,103.06,0,0,0,0
20150200152567,-1,-1,-1,-1,0,0,0,2,0,0,0,926.42,926.42,0,0,0,0
20150200152569,-1,-1,-1,-1,0,0,0,2,0,0,0,416.54,416.54,0,0,0,0
20150200152570,-1,-1,-1,-1,0,0,0,2,0,0,0,416.54,416.54,0,0,0,0
20150200152575,-1,-1,6105600,6105600,0,0,0,4,1,0,0,915.88,915.88,0,0,0,0
20150200152579,-1,-1,-1,-1,0,0,0,2,0,0,0,256.58,256.58,0,0,0,0
20150200152582,-1,-1,-1,-1,0,0,0,1,0,0,0,333.64,333.64,0,0,0,0
20150200152598,-1,-1,-1,-1,0,0,0,2,0,0,0,107.68,107.68,0,0,0,0
20150200152602,-1,-1,-1,5443200,0,0,2,2,1,0,250.14,415.04,665.18,0,0,0,0
20150200152617,1555200,1374171,3024000,1804525,0,6,22,8,12,973.88,3377.62,1529.61,5881.11,0,0,0,0
20150200152623,-1,-1,374400,374400,0,0,0,4,1,0,0,330.0,330.0,0,0,0,0
20150200152624,2553600,1641600,1474560,2188021,0,10,12,16,12,867.77,801.96,880.0,2549.73,0,0,0,0
20150200152626,-1,-1,-1,-1,0,0,0,2,0,0,0,119.82,119.82,0,0,0,0
20150200152628,-1,-1,-1,-1,0,0,0,2,0,0,0,246.88,246.88,0,0,0,0
20150200152638,-1,-1,-1,-1,0,0,0,2,0,0,0,246.88,246.88,0,0,0,0
20150200152644,-1,-1,806400,806400,0,0,0,4,1,0,0,424.2,424.2,0,0,0,0
20150200152649,-1,-1,777600,777600,0,0,0,4,1,0,0,561.7,561.7,0,0,0,0
20150200152656,-1,-1,604800,604800,0,0,0,4,1,0,0,1087.18,1087.18,0,0,0,0
20150200152660,-1,-1,6105600,6105600,0,0,0,4,1,0,0,619.24,619.24,0,0,0,0
20150200152662,-1,-1,-1,-1,0,0,0,2,0,0,0,284.93,284.93,0,0,0,0
20150200152664,-1,-1,-1,15148800,0,2,0,2,1,215.92,0,225.64,441.56,0,0,0,0
20150200152684,-1,-1,-1,-1,0,0,0,2,0,0,0,123.28,123.28,0,0,0,0
20150200152692,-1,-1,-1,-1,0,0,0,2,0,0,0,211.52,211.52,0,0,0,0
20150200152699,-1,-1,-1,-1,0,0,0,2,0,0,0,749.58,749.58,0,0,0,0
20150200152704,-1,-1,-1,-1,0,0,0,2,0,0,0,176.36,176.36,0,0,0,0
20150200152706,-1,-1,-1,3024000,0,0,2,2,1,0,413.0,320.94,733.94,0,0,0,0
20150200152707,-1,-1,-1,-1,0,0,0,2,0,0,0,1167.94,1167.94,0,0,0,0
20150200152711,-1,-1,-1,-1,0,0,0,2,0,0,0,154.7,154.7,0,0,0,0
20150200152724,-1,5184000,4285440,6338618,0,2,4,6,4,415.84,1059.74,713.44,2189.02,0,0,0,0
20150200152737,-1,-1,-1,-1,0,0,0,2,0,0,0,193.04,193.04,0,0,0,0
20150200152739,-1,-1,-1,-1,0,0,0,2,0,0,0,193.04,193.04,0,0,0,0
20150200152743,-1,-1,4440960,4440960,0,0,0,6,2,0,0,1970.6,1970.6,0,0,0,0
20150200152746,-1,-1,-1,-1,0,0,0,2,0,0,0,287.08,287.08,0,0,0,0
20150200152752,-1,-1,-1,-1,0,0,0,2,0,0,0,145.84,145.84,0,0,0,0
20150200152762,-1,-1,720000,6186240,0,0,2,4,2,0,147.24,295.98,443.22,0,0,0,0
20150200152767,-1,-1,-1,-1,0,0,0,2,0,0,0,320.94,320.94,0,0,0,0
20150200152775,-1,-1,-1,-1,0,0,0,2,0,0,0,839.78,839.78,0,0,0,0
20150200152778,-1,-1,3110400,3300480,0,0,2,4,2,0,314.06,635.0,949.06,0,0,0,0
20150200152781,-1,1209600,950400,1058823,2,0,23,29,17,0,1703.73,10099.21,11802.94,0,0,0,0
20150200152784,-1,-1,-1,-1,0,0,0,2,0,0,0,953.26,953.26,0,0,0,0
20150200152801,-1,-1,3888000,3888000,0,0,0,7,2,0,0,1344.39,1344.39,0,0,0,0
20150200152806,-1,-1,518400,518400,0,0,0,3,1,0,0,522.48,522.48,0,0,0,0
20150200152814,-1,-1,-1,-1,0,0,0,2,0,0,0,730.52,730.52,0,0,0,0
20150200152815,-1,-1,-1,-1,0,0,0,2,0,0,0,730.52,730.52,0,0,0,0
20150200152829,-1,-1,-1,-1,0,0,0,2,0,0,0,555.38,555.38,0,0,0,0
20150200152832,-1,-1,-1,-1,0,0,0,2,0,0,0,282.84,282.84,0,0,0,0
20150200152849,-1,-1,216000,216000,0,0,0,3,1,0,0,646.0,646.0,0,0,0,0
20150200152851,-1,-1,6825600,6825600,0,0,0,3,1,0,0,537.88,537.88,0,0,0,0
20150200152854,-1,-1,-1,-1,0,0,0,2,0,0,0,258.96,258.96,0,0,0,0
20150200152862,-1,-1,-1,-1,0,0,0,2,0,0,0,91.52,91.52,0,0,0,0
20150200152863,-1,-1,-1,-1,0,0,0,1,0,0,0,175.34,175.34,0,0,0,0
20150200152869,-1,-1,-1,-1,0,0,0,2,0,0,0,120.94,120.94,0,0,0,0
20150200152877,-1,-1,-1,-1,0,0,0,2,0,0,0,271.51,271.51,0,0,0,0
20150200152882,-1,-1,-1,-1,0,0,0,2,0,0,0,845.22,845.22,0,0,0,0
20150200152888,-1,-1,1296000,1296000,0,0,0,4,1,0,0,562.0,562.0,0,0,0,0
20150200152892,-1,-1,-1,-1,0,0,0,2,0,0,0,91.52,91.52,0,0,0,0
20150200152902,-1,-1,-1,-1,0,0,0,2,0,0,0,60.54,60.54,0,0,0,0
20150200152904,-1,-1,-1,10627200,0,0,2,2,1,0,281.24,155.7,436.94,0,0,0,0
20150200152906,-1,-1,-1,11102400,0,2,2,1,1,413.94,405.68,160.0,979.62,0,0,0,0
20150200152907,-1,-1,-1,22492800,0,2,0,2,1,132.54,0,362.99,495.53,0,0,0,0
20150200152929,-1,-1,-1,-1,0,0,0,2,0,0,0,91.52,91.52,0,0,0,0
20150200152938,-1,-1,-1,-1,0,0,0,2,0,0,0,390.1,390.1,0,0,0,0
20150200152940,-1,-1,691200,4561920,0,0,2,4,2,0,416.88,721.74,1138.62,0,0,0,0
20150200152945,-1,-1,835200,835200,0,0,0,4,1,0,0,749.0,749.0,0,0,0,0
20150200152951,-1,-1,-1,-1,0,0,0,2,0,0,0,281.52,281.52,0,0,0,0
20150200152957,-1,-1,-1,10627200,0,0,2,2,1,0,52.12,155.7,207.82,0,0,0,0
20150200152962,-1,1843200,2438400,4324800,0,2,7,10,6,251.94,706.63,1049.23,2007.8,0,0,0,0
20150200152963,-1,-1,-1,-1,0,0,0,2,0,0,0,91.52,91.52,0,0,0,0
20150200152965,-1,-1,2304000,8519040,0,0,2,4,2,0,297.78,212.62,510.4,0,0,0,0
20150200152973,-1,-1,-1,10627200,0,0,2,2,1,0,281.24,212.9,494.14,0,0,0,0
20150200153001,-1,-1,-1,-1,0,0,0,2,0,0,0,413.08,413.08,0,0,0,0
20150200153018,-1,-1,-1,-1,0,0,0,2,0,0,0,384.48,384.48,0,0,0,0
20150200153028,-1,-1,-1,17928000,0,0,1,2,1,0,251.55,330.46,582.01,0,0,0,0
20150200153029,-1,-1,7459200,7459200,0,0,0,4,1,0,0,2911.08,2911.08,0,0,0,0
20150200153030,-1,-1,-1,-1,0,0,0,2,0,0,0,390.1,390.1,0,0,0,0
20150200153033,-1,-1,115200,115200,0,0,0,4,1,0,0,542.96,542.96,0,0,0,0
20150200153035,-1,-1,-1,6163200,0,0,2,2,1,0,250.14,298.68,548.82,0,0,0,0
20150200153044,-1,-1,115200,115200,0,0,0,4,1,0,0,542.96,542.96,0,0,0,0
20150200153045,-1,-1,-1,-1,0,0,0,2,0,0,0,208.36,208.36,0,0,0,0
20150200153070,-1,-1,-1,-1,0,0,0,2,0,0,0,398.46,398.46,0,0,0,0
20150200153088,-1,-1,-1,-1,0,0,0,1,0,0,0,186.6,186.6,0,0,0,0
20150200153090,-1,-1,-1,-1,0,0,0,2,0,0,0,233.54,233.54,0,0,0,0
20150200153091,-1,-1,-1,-1,0,0,0,2,0,0,0,300.84,300.84,0,0,0,0
20150200153098,-1,-1,-1,22593600,0,1,0,2,1,290.78,0,504.8,795.58,0,0,0,0
20150200153108,-1,-1,3196800,3196800,0,0,0,4,1,0,0,695.92,695.92,0,0,0,0
20150200153115,-1,-1,-1,-1,0,0,0,2,0,0,0,86.86,86.86,0,0,0,0
20150200153128,-1,-1,-1,-1,0,0,0,2,0,0,0,258.96,258.96,0,0,0,0
20150200153129,-1,-1,-1,-1,0,0,0,1,0,0,0,294.0,294.0,0,0,0,0
20150200153138,-1,-1,-1,-1,0,0,0,1,0,0,0,337.0,337.0,0,0,0,0
20150200153139,-1,-1,-1,-1,0,0,0,2,0,0,0,91.52,91.52,0,0,0,0
20150200153141,-1,-1,-1,4622400,1,0,2,1,1,0,224.8,783.34,1008.14,0,0,0,0
20150200153143,-1,-1,2908800,2908800,0,0,0,4,1,0,0,453.62,453.62,0,0,0,0
20150200153144,-1,-1,1692000,1692000,0,0,0,13,4,0,0,2465.11,2465.11,0,0,0,0
20150200153149,-1,-1,-1,-1,0,0,0,2,0,0,0,416.44,416.44,0,0,0,0
20150200153151,-1,-1,-1,-1,0,0,0,2,0,0,0,164.16,164.16,0,0,0,0
20150200153160,-1,-1,5212800,5212800,0,0,0,4,1,0,0,423.98,423.98,0,0,0,0
20150200153167,-1,-1,1900800,1900800,0,0,0,4,1,0,0,420.6,420.6,0,0,0,0
20150200153183,-1,-1,-1,-1,0,0,0,2,0,0,0,371.9,371.9,0,0,0,0
20150200153190,-1,-1,-1,-1,0,0,0,2,0,0,0,91.52,91.52,0,0,0,0
20150200153194,-1,-1,-1,-1,0,0,0,2,0,0,0,148.18,148.18,0,0,0,0
20150200153199,-1,-1,-1,-1,0,0,0,2,0,0,0,278.92,278.92,0,0,0,0
20150200153208,-1,-1,1774523,1774523,2,0,0,14,4,0,0,1614.06,1614.06,0,0,0,0
20150200153209,-1,-1,-1,11232000,0,0,2,2,1,0,412.7,301.86,714.56,0,0,0,0
20150200153214,-1,-1,2980800,2980800,0,0,0,3,1,0,0,828.22,828.22,0,0,0,0
20150200154926,-1,-1,-1,-1,0,0,0,2,0,0,0,192.46,192.46,0,0,0,0
20150200155588,-1,-1,316800,316800,0,0,0,4,1,0,0,1048.18,1048.18,0,0,0,0
20150200156808,-1,-1,-1,-1,0,0,0,2,0,0,0,0.0,0.0,0,0,0,0
20150200158118,-1,-1,-1,-1,0,0,0,2,0,0,0,503.96,503.96,0,0,0,0
20150200158162,-1,-1,-1,-1,0,0,0,1,0,0,0,191.67,191.67,0,0,0,0
20150200158272,-1,-1,-1,-1,0,0,0,2,0,0,0,425.26,425.26,0,0,0,0
20150200158273,-1,-1,-1,-1,0,0,0,2,0,0,0,298.32,298.32,0,0,0,0
20150200158326,-1,-1,-1,-1,0,0,0,2,0,0,0,425.78,425.78,0,0,0,0
20150200158329,-1,-1,-1,-1,0,0,0,2,0,0,0,317.76,317.76,0,0,0,0
20150300276847,-1,-1,-1,-1,0,0,0,2,0,0,0,361.08,361.08,0,0,0,0
20150800075986,-1,-1,230400,230400,0,0,0,4,1,0,0,536.2,536.2,0,0,0,0
20150800076463,-1,-1,-1,-1,0,0,0,1,0,0,0,197.77,197.77,0,0,0,0
20150800077699,-1,-1,-1,-1,0,0,0,1,0,0,0,458.38,458.38,0,0,0,0
20150800077969,-1,-1,-1,-1,0,0,0,2,0,0,0,525.44,525.44,0,0,0,0
20150800078075,-1,-1,230400,230400,0,0,0,4,1,0,0,1023.98,1023.98,0,0,0,0
20150800078425,-1,-1,835200,835200,0,0,0,4,1,0,0,988.0,988.0,0,0,0,0
20150800078957,-1,-1,-1,-1,0,0,0,1,0,0,0,656.54,656.54,0,0,0,0
20150800079101,-1,-1,-1,-1,0,0,0,2,0,0,0,249.64,249.64,0,0,0,0
20150800079118,-1,-1,-1,-1,0,0,0,2,0,0,0,296.0,296.0,0,0,0,0
20150800079943,-1,-1,-1,-1,0,0,0,2,0,0,0,84.48,84.48,0,0,0,0
20150800082173,-1,-1,-1,-1,0,0,0,2,0,0,0,120.9,120.9,0,0,0,0
20150800082493,-1,-1,-1,-1,0,0,0,2,0,0,0,206.0,206.0,0,0,0,0
20150800082631,-1,-1,-1,-1,0,0,0,2,0,0,0,233.8,233.8,0,0,0,0
20150800084398,-1,-1,-1,-1,0,0,0,2,0,0,0,160.84,160.84,0,0,0,0
20150800084428,-1,-1,-1,-1,0,0,0,2,0,0,0,246.38,246.38,0,0,0,0
20150800085361,-1,-1,-1,-1,0,0,0,2,0,0,0,161.23,161.23,0,0,0,0
20150800085411,-1,-1,-1,-1,0,0,0,2,0,0,0,161.23,161.23,0,0,0,0
20150800085526,-1,-1,-1,-1,0,0,0,2,0,0,0,164.32,164.32,0,0,0,0
20150800085862,-1,-1,2073600,2073600,0,0,0,4,1,0,0,410.44,410.44,0,0,0,0
20150800086682,-1,-1,-1,-1,0,0,0,1,0,0,0,59.83,59.83,0,0,0,0
20150800087031,-1,-1,-1,-1,0,0,0,2,0,0,0,291.8,291.8,0,0,0,0
20150800087088,-1,-1,-1,-1,0,0,0,2,0,0,0,265.86,265.86,0,0,0,0
20150800087093,-1,-1,-1,-1,0,0,0,2,0,0,0,265.86,265.86,0,0,0,0
20150800087147,-1,-1,-1,-1,0,0,0,2,0,0,0,265.86,265.86,0,0,0,0
20150800087182,-1,-1,-1,-1,0,0,0,2,0,0,0,183.18,183.18,0,0,0,0
20150800087468,-1,-1,-1,-1,0,0,0,2,0,0,0,539.98,539.98,0,0,0,0
20150800087777,-1,-1,-1,-1,0,0,0,2,0,0,0,425.04,425.04,0,0,0,0
20150800089323,-1,-1,-1,-1,0,0,0,2,0,0,0,1277.38,1277.38,0,0,0,0
20150800089714,-1,-1,-1,-1,0,0,0,2,0,0,0,1081.06,1081.06,0,0,0,0
20150800090455,-1,-1,288000,288000,0,0,0,4,1,0,0,845.0,845.0,0,0,0,0
20150800091236,-1,-1,1440000,1440000,0,0,0,4,1,0,0,390.6,390.6,0,0,0,0
20150800092255,-1,-1,-1,-1,0,0,0,2,0,0,0,1864.84,1864.84,0,0,0,0
20150800093446,-1,-1,928800,928800,0,0,0,5,1,0,0,487.39,487.39,0,0,0,0
20150800094630,-1,-1,-1,-1,0,0,0,2,0,0,0,265.86,265.86,0,0,0,0
20150800095644,-1,-1,345600,345600,0,0,0,3,1,0,0,660.74,660.74,0,0,0,0
20150800096641,-1,-1,-1,-1,0,0,0,2,0,0,0,233.52,233.52,0,0,0,0
20150800097902,-1,-1,-1,-1,0,0,0,1,0,0,0,52.99,52.99,0,0,0,0
20150800098184,-1,-1,-1,-1,0,0,0,2,0,0,0,272.36,272.36,0,0,0,0
